,Unnamed: 0,video,short-term_memorability,nb_short-term_annotations,long-term_memorability,nb_long-term_annotations
0,0,7494,0.85519266,33,0.76025176,12
1,1,7495,0.85590696,34,0.74215335,10
2,2,7496,0.8637304,32,0.8234869,13
3,3,7497,0.85995746,33,0.7716688,10
4,4,7498,0.8557243,33,0.72911024,10
5,5,7499,0.8623565000000001,33,0.8014308,13
6,6,7500,0.8571125,33,0.7428639,10
7,7,7502,0.8616803,43,0.7996923,15
8,8,7503,0.86047864,33,0.7898394,11
9,9,7504,0.8622066999999999,33,0.78392416,15
10,10,7505,0.8552128000000001,38,0.7683728,10
11,11,7506,0.8544439,34,0.71954316,10
12,12,7507,0.854658,34,0.75427246,12
13,13,7508,0.85810155,33,0.77446055,14
14,14,7510,0.8593383,33,0.77511597,11
15,15,7511,0.86180586,34,0.79960805,18
16,16,7513,0.85913825,34,0.7959713,19
17,17,7515,0.8651849,33,0.8153063,13
18,18,7516,0.86639124,34,0.81358004,11
19,19,7517,0.857885,33,0.7438666,13
20,20,7518,0.8655064,33,0.80633223,10
21,21,7519,0.8590239,32,0.7680248,10
22,22,7520,0.86167234,33,0.80919737,14
23,23,7521,0.8611084000000001,34,0.7593274,14
24,24,7522,0.8681976999999999,33,0.78071725,16
25,25,7523,0.8599089,34,0.8046539,14
26,26,7524,0.8605437,50,0.7917776,22
27,27,7525,0.86026424,42,0.80570185,10
28,28,7526,0.85529685,31,0.7748127,20
29,29,7527,0.86073184,33,0.7931429,17
30,30,7528,0.85429215,32,0.746245,10
31,31,7530,0.8711396,34,0.81936073,11
32,32,7531,0.8588518,33,0.77299607,14
33,33,7532,0.8510688,33,0.74064946,14
34,34,7533,0.8697597,34,0.8412469,9
35,35,7534,0.86635506,34,0.8074691,10
36,36,7535,0.8621017,34,0.7701869,10
37,37,7536,0.85565734,46,0.72909313,11
38,38,7538,0.8646169,34,0.8064355,10
39,39,7539,0.8606333,32,0.75803304,10
40,40,7540,0.8590064000000001,33,0.78418446,10
41,41,7541,0.8592975,35,0.74931705,10
42,42,7542,0.8686127,33,0.83229524,12
43,43,7543,0.84943664,33,0.72515404,12
44,44,7544,0.86255515,34,0.82975173,11
45,45,7545,0.86665326,33,0.8339957,13
46,46,7546,0.86068475,34,0.8057542,14
47,47,7548,0.85941136,38,0.78775495,9
48,48,7549,0.85990584,34,0.79164875,13
49,49,7550,0.86136234,56,0.8005576,21
50,50,7552,0.84676445,32,0.6814649,16
51,51,7554,0.8587514,51,0.7829511,24
52,52,7555,0.85855,55,0.79632103,13
53,53,7556,0.85879856,33,0.7345812,19
54,54,7558,0.8544906999999999,33,0.7249,16
55,55,7560,0.85878843,33,0.7788405,12
56,56,7562,0.85613036,33,0.76313424,10
57,57,7563,0.8684777,32,0.8201152,16
58,58,7565,0.8598075999999999,34,0.771139,10
59,59,7566,0.8589399999999999,34,0.7774202,13
60,60,7567,0.85438526,32,0.73844874,12
61,61,7568,0.8599696,34,0.7700093,13
62,62,7569,0.85841125,43,0.77218825,10
63,63,7571,0.86383283,32,0.80844945,11
64,64,7572,0.8624982,34,0.7589245,11
65,65,7573,0.8620713,37,0.78008425,11
66,66,7574,0.8609825000000001,36,0.79273945,12
67,67,7575,0.8567693000000001,34,0.75736666,14
68,68,7576,0.8516575000000001,33,0.71725357,12
69,69,7578,0.86013246,47,0.7754593,11
70,70,7579,0.8579539,33,0.7598963,15
71,71,7580,0.85715663,33,0.7598201,17
72,72,7581,0.85666406,33,0.76407075,14
73,73,7582,0.8583076,34,0.7551718,10
74,74,7584,0.8614651,34,0.80798984,10
75,75,7585,0.8668741,41,0.8006722,16
76,76,7587,0.85497344,33,0.74126005,16
77,77,7588,0.8610368,76,0.77552605,16
78,78,7589,0.8591334999999999,35,0.7895483,11
79,79,7590,0.86375654,58,0.8237971,13
80,80,7591,0.86261654,34,0.8137642,10
81,81,7592,0.86042476,33,0.76820284,11
82,82,7593,0.854935,33,0.7460314,15
83,83,7596,0.8613324,33,0.81552964,12
84,84,7597,0.86890316,33,0.82657087,11
85,85,7598,0.8564806,32,0.76609105,11
86,86,7599,0.8628018,32,0.8007832,14
87,87,7600,0.8687279,34,0.8238549,9
88,88,7602,0.85978615,33,0.7838489,10
89,89,7603,0.86261284,34,0.7735741,24
90,90,7604,0.8695526,42,0.8238094,10
91,91,7605,0.8665863000000001,39,0.82064295,11
92,92,7606,0.85587215,34,0.7555234,10
93,93,7607,0.8557916999999999,33,0.7587539,12
94,94,7608,0.8639153,36,0.82464564,12
95,95,7609,0.8601402,33,0.7553117,16
96,96,7610,0.86888826,66,0.8229505,15
97,97,7611,0.86552906,33,0.80234385,20
98,98,7612,0.86183107,35,0.78773344,16
99,99,7613,0.8601309000000001,32,0.7918143,10
100,100,7614,0.8613565999999999,32,0.78734946,11
101,101,7615,0.85814726,33,0.7643409,12
102,102,7616,0.8509300999999999,33,0.71515,10
103,103,7617,0.8598783999999999,32,0.7621001,18
104,104,7618,0.85465634,34,0.72846246,11
105,105,7619,0.85723674,34,0.74158823,11
106,106,7621,0.85622454,33,0.7484591,12
107,107,7624,0.85484004,33,0.7175369,20
108,108,7625,0.85526586,34,0.74181366,10
109,109,7626,0.8592793,33,0.776166,12
110,110,7627,0.8625567,35,0.8026633,17
111,111,7628,0.8616713,34,0.80626136,12
112,112,7629,0.8574328000000001,70,0.758958,12
113,113,7631,0.8626904000000001,33,0.80670595,10
114,114,7632,0.86538714,33,0.8301588,15
115,115,7633,0.86071855,32,0.7942004,16
116,116,7634,0.86066467,44,0.8246519,12
117,117,7635,0.8586056999999999,33,0.7828637,12
118,118,7636,0.85774004,32,0.76337886,10
119,119,7637,0.8692316999999999,34,0.81644726,15
120,120,7638,0.85831267,34,0.7714094,13
121,121,7640,0.85565734,34,0.72909015,13
122,122,7641,0.85674167,34,0.7560325,17
123,123,7642,0.8533371999999999,39,0.7451764,10
124,124,7643,0.8610370999999999,34,0.7967735,10
125,125,7644,0.86628735,44,0.82219636,9
126,126,7646,0.86685514,43,0.79886705,10
127,127,7647,0.8576540000000001,32,0.75353616,13
128,128,7648,0.8585531999999999,44,0.78732824,10
129,129,7649,0.8651289000000001,34,0.82635045,11
130,130,7650,0.8588189,31,0.7561537,12
131,131,7651,0.8630582,33,0.8330473,10
132,132,7652,0.8578478,33,0.77451575,18
133,133,7654,0.85667396,34,0.764641,9
134,134,7655,0.8540648000000001,33,0.7357013,11
135,135,7656,0.8544847,34,0.7297528,13
136,136,7657,0.85695326,46,0.7446908,10
137,137,7659,0.8572348,31,0.73977107,11
138,138,7660,0.8657271999999999,33,0.8366766,12
139,139,7661,0.85019886,35,0.6981996,13
140,140,7662,0.8562579,34,0.7372951,10
141,141,7664,0.8592613000000001,32,0.7859662,10
142,142,7665,0.85896885,33,0.7766557,10
143,143,7667,0.85393107,38,0.74193454,12
144,144,7669,0.86314857,33,0.78977716,12
145,145,7670,0.85748565,34,0.7734417,10
146,146,7671,0.8534235000000001,33,0.70458305,9
147,147,7672,0.8598639000000001,68,0.80677164,15
148,148,7673,0.87090504,35,0.84372824,11
149,149,7674,0.85938287,33,0.78111506,10
150,150,7675,0.8597456,38,0.801557,12
151,151,7676,0.86828566,34,0.8119174,17
152,152,7677,0.84695375,33,0.6632368,11
153,153,7678,0.8599455,34,0.7895893,10
154,154,7679,0.85447603,33,0.7635529,10
155,155,7680,0.8598256999999999,32,0.79300755,13
156,156,7681,0.84893996,34,0.7104267,10
157,157,7682,0.8615344000000001,33,0.79582816,12
158,158,7683,0.86382663,36,0.7952157,11
159,159,7686,0.85631204,33,0.7538842,11
160,160,7687,0.8666584999999999,36,0.8045039,13
161,161,7688,0.8510821,33,0.71068007,12
162,162,7689,0.85051346,33,0.6662278,12
163,163,7690,0.8551728000000001,33,0.72303224,19
164,164,7691,0.85912704,32,0.78484905,14
165,165,7692,0.8562356,34,0.7637167,11
166,166,7694,0.8633995000000001,34,0.8207427,12
167,167,7696,0.8656806,33,0.8053688,14
168,168,7697,0.8660399999999999,34,0.8053082,11
169,169,7698,0.86136746,50,0.8027082,15
170,170,7699,0.85780334,34,0.7773211,11
171,171,7701,0.8589176,90,0.7970896,10
172,172,7702,0.8628398000000002,33,0.7838005,14
173,173,7703,0.8461615,51,0.68609357,12
174,174,7704,0.8478385,33,0.68563694,9
175,175,7705,0.8577818000000001,32,0.75782585,17
176,176,7706,0.85873604,33,0.7769825,12
177,177,7707,0.8567693000000001,34,0.7484568,11
178,178,7710,0.8631568000000001,31,0.8146472,17
179,179,7711,0.8617563,46,0.79673547,14
180,180,7713,0.85838866,33,0.7636696,17
181,181,7714,0.8574783000000001,34,0.75347054,12
182,182,7715,0.8556019,33,0.7454167,12
183,183,7716,0.85571146,44,0.6924982,10
184,184,7717,0.86849344,32,0.80439854,13
185,185,7718,0.86159325,33,0.778741,10
186,186,7719,0.86455977,33,0.80898976,11
187,187,7720,0.8655552,33,0.8143915,13
188,188,7721,0.8555212999999999,41,0.74578804,17
189,189,7722,0.85907865,34,0.78660655,16
190,190,7723,0.85631067,33,0.76238567,17
191,191,7724,0.86837924,33,0.8402051,10
192,192,7725,0.8683597,34,0.8011304,12
193,193,7726,0.86036366,43,0.7715055,9
194,194,7728,0.86325085,34,0.80274314,14
195,195,7729,0.8565734,48,0.7731855,11
196,196,7731,0.86176556,33,0.7815409,11
197,197,7732,0.85770464,33,0.76835793,10
198,198,7736,0.864605,33,0.81775796,12
199,199,7737,0.8623755,33,0.8015915,12
200,200,7738,0.8621725,35,0.7939107,9
201,201,7739,0.8578136000000001,34,0.782197,12
202,202,7740,0.8595449000000001,33,0.7854671,11
203,203,7741,0.8578546,31,0.76850736,13
204,204,7742,0.8615216,34,0.79897034,9
205,205,7743,0.8577812,34,0.77550066,10
206,206,7745,0.85794574,34,0.7641736,12
207,207,7746,0.8569078000000001,33,0.7320807,9
208,208,7748,0.8593004999999999,50,0.77702975,15
209,209,7749,0.85878587,34,0.77948487,12
210,210,7751,0.8630452,33,0.8255316,15
211,211,7752,0.8560144000000001,33,0.7618418,13
212,212,7753,0.86032176,38,0.78824395,10
213,213,7754,0.85665584,33,0.75898373,10
214,214,7756,0.8567404000000001,42,0.7545967,11
215,215,7757,0.86073357,34,0.79086924,13
216,216,7758,0.8537786,37,0.7600088,14
217,217,7759,0.8575219000000001,33,0.80104613,13
218,218,7760,0.8643595,33,0.7924876,11
219,219,7761,0.86001074,33,0.7807659,24
220,220,7762,0.8629538,34,0.7973803,15
221,221,7763,0.85488474,33,0.77110946,10
222,222,7769,0.8660540999999999,33,0.8068093,10
223,223,7770,0.8586271000000001,38,0.77700055,9
224,224,7771,0.85828054,30,0.76686645,10
225,225,7772,0.86455256,34,0.81497,15
226,226,7773,0.86577195,34,0.7969595,11
227,227,7774,0.86187536,34,0.8053105,10
228,228,7775,0.8568796999999999,38,0.7708032,11
229,229,7777,0.8541629999999999,32,0.7417191,11
230,230,7780,0.85902524,41,0.770173,12
231,231,7782,0.8603219999999999,34,0.788541,19
232,232,7783,0.8589834999999999,44,0.7799746,11
233,233,7784,0.8495253,34,0.6968316,12
234,234,7785,0.85650796,33,0.74956113,10
235,235,7786,0.85860467,32,0.7759527,9
236,236,7787,0.85635626,33,0.7463672,15
237,237,7788,0.85876113,31,0.76996416,10
238,238,7789,0.86421156,34,0.78874505,10
239,239,7792,0.8607700999999999,34,0.7902769,10
240,240,7793,0.8438851999999999,51,0.6598849,13
241,241,7795,0.857082,33,0.75142145,12
242,242,7799,0.85926056,33,0.7684498,10
243,243,7800,0.8541496999999999,33,0.73374987,16
244,244,7801,0.8560293,40,0.7397715,12
245,245,7802,0.85814375,33,0.7704516,10
246,246,7803,0.85730964,34,0.7645918,10
247,247,7804,0.85837615,34,0.7390144,11
248,248,7805,0.8505491,32,0.72164357,10
249,249,7806,0.85879433,32,0.77982086,11
250,250,7807,0.86364985,33,0.8206096,11
251,251,7808,0.8662535,34,0.82443523,15
252,252,7809,0.85827935,32,0.7644472,17
253,253,7811,0.86133724,35,0.76988864,10
254,254,7812,0.85710776,52,0.78342235,11
255,255,7813,0.8576623999999999,33,0.769474,14
256,256,7815,0.86576116,32,0.7842815,14
257,257,7816,0.85609627,54,0.7481705,12
258,258,7817,0.85798985,33,0.7730876,15
259,259,7818,0.8636271000000001,40,0.81799984,12
260,260,7819,0.85827935,32,0.76445067,16
261,261,7820,0.8576348,44,0.78821564,15
262,262,7821,0.85616434,30,0.75962555,13
263,263,7822,0.85920984,33,0.7759278,10
264,264,7823,0.85879064,33,0.7969342,14
265,265,7824,0.8582654000000001,32,0.77826047,9
266,266,7825,0.8630471,34,0.8002564,14
267,267,7826,0.8636939,33,0.8214116,10
268,268,7828,0.86271805,32,0.81463647,13
269,269,7830,0.86442775,33,0.7923685,13
270,270,7831,0.86717606,32,0.8217905,10
271,271,7832,0.8578838,34,0.7694077,13
272,272,7833,0.86090326,31,0.79141426,14
273,273,7834,0.8511656999999999,34,0.71452177,11
274,274,7835,0.8522119,34,0.6737112,9
275,275,7837,0.8613073,33,0.79212165,12
276,276,7838,0.8655974,34,0.79334885,10
277,277,7839,0.85686994,33,0.7707945,10
278,278,7840,0.8520158000000001,35,0.68310165,10
279,279,7841,0.85847294,49,0.77981406,14
280,280,7842,0.85985655,34,0.7834141,12
281,281,7844,0.8531115,30,0.7311429,14
282,282,7846,0.8625193000000001,34,0.77969444,9
283,283,7848,0.8560677999999999,33,0.7554226,10
284,284,7849,0.8571978000000001,33,0.77947104,10
285,285,7851,0.8669851000000001,32,0.8048233,10
286,286,7852,0.8567686,31,0.7533004,10
287,287,7853,0.858392,40,0.7775116,10
288,288,7854,0.8592061,32,0.7844643,12
289,289,7856,0.85267687,33,0.75950503,11
290,290,7858,0.8688790999999999,55,0.8102591,10
291,291,7861,0.8632506,33,0.80834585,16
292,292,7862,0.86123455,38,0.79033387,9
293,293,7863,0.8567325000000001,50,0.74914205,12
294,294,7865,0.8618889999999999,32,0.78713745,10
295,295,7867,0.8616254000000001,33,0.7857858,13
296,296,7868,0.86120254,33,0.78673345,13
297,297,7869,0.8625735000000001,33,0.7970542,12
298,298,7872,0.85546464,37,0.7398314,10
299,299,7873,0.8655712999999999,47,0.80124676,12
300,300,7874,0.8587266,32,0.7432246,12
301,301,7875,0.8647469000000001,33,0.8135059,10
302,302,7878,0.86479706,34,0.80884975,10
303,303,7879,0.85760516,33,0.7809082,9
304,304,7880,0.8506859,48,0.6942947,19
305,305,7883,0.85998344,34,0.7996253,12
306,306,7884,0.85764414,34,0.75009763,11
307,307,7885,0.8623296999999999,41,0.797204,10
308,308,7886,0.8649575999999999,34,0.8181175,11
309,309,7887,0.8634649,34,0.7867217,9
310,310,7888,0.8601805,33,0.7835952,10
311,311,7889,0.86657715,34,0.81730855,15
312,312,7890,0.8585311999999999,34,0.7310123,14
313,313,7891,0.8611302,34,0.8075566,10
314,314,7892,0.86007965,39,0.79184294,12
315,315,7893,0.8605562,32,0.7979979,12
316,316,7894,0.86193717,33,0.7967118,15
317,317,7895,0.85684496,32,0.76433676,10
318,318,7896,0.86856896,71,0.83570325,33
319,319,7897,0.8658627000000001,33,0.8109796,10
320,320,7898,0.86622137,35,0.81623536,10
321,321,7899,0.8675560999999999,33,0.8391602,11
322,322,7901,0.86442494,31,0.7918806,28
323,323,7902,0.8540396,33,0.703684,11
324,324,7903,0.85320234,34,0.70880723,11
325,325,7904,0.8604809999999999,33,0.7864914,10
326,326,7906,0.8567964,33,0.76703906,11
327,327,7907,0.8568466,34,0.7469711,15
328,328,7908,0.86111486,51,0.7891029,12
329,329,7909,0.8585648000000001,32,0.7729449,11
330,330,7910,0.8520853,34,0.7358751,17
331,331,7912,0.8501695,31,0.69759893,11
332,332,7913,0.86008537,32,0.77245474,11
333,333,7915,0.8576212,34,0.75486857,13
334,334,7916,0.8643430000000001,33,0.822268,13
335,335,7917,0.86050606,33,0.7948336,11
336,336,7918,0.8623253000000001,34,0.7945523,10
337,337,7919,0.8585086,32,0.76497835,11
338,338,7920,0.8621231,33,0.81716764,19
339,339,7921,0.8619370999999999,34,0.78255904,12
340,340,7923,0.8561255999999999,33,0.7476512,9
341,341,7925,0.8559252,32,0.7555708,14
342,342,7926,0.86139315,31,0.79588044,12
343,343,7927,0.85756737,33,0.7860539,13
344,344,7928,0.86009276,33,0.78653693,10
345,345,7929,0.85845494,51,0.76744795,10
346,346,7930,0.86282563,33,0.820965,10
347,347,7931,0.8588377,33,0.76809764,12
348,348,7933,0.8567530000000001,33,0.7428937,11
349,349,7935,0.86089647,34,0.7852752,9
350,350,7936,0.8541645,32,0.70948344,13
351,351,7939,0.87072474,33,0.83384013,13
352,352,7940,0.8648140999999999,33,0.8142974,15
353,353,7941,0.86042225,45,0.77068794,12
354,354,7942,0.863519,38,0.8310034,10
355,355,7944,0.85782593,34,0.786645,12
356,356,7945,0.8612009,46,0.7876744,13
357,357,7946,0.8575655999999999,33,0.75739247,15
358,358,7947,0.85284925,34,0.71103036,11
359,359,7948,0.8650204,32,0.82113266,10
360,360,7951,0.86088383,32,0.78174984,12
361,361,7952,0.866009,33,0.82278264,11
362,362,7953,0.85882235,34,0.75103337,25
363,363,7954,0.86197114,34,0.81711566,10
364,364,7955,0.8577389999999999,33,0.77834153,10
365,365,7956,0.85746187,34,0.77079177,13
366,366,7957,0.85690165,34,0.7766646,13
367,367,7958,0.85757816,33,0.76772845,16
368,368,7959,0.8670260000000001,34,0.79162455,10
369,369,7961,0.86009765,34,0.7792604,11
370,370,7962,0.85484004,33,0.72360426,19
371,371,7963,0.8624968000000001,34,0.81693554,12
372,372,7964,0.8530916,33,0.7381115,11
373,373,7967,0.8632200000000001,33,0.83438945,16
374,374,7969,0.8433023000000001,33,0.6769315,12
375,375,7970,0.8596466,82,0.778149,24
376,376,7972,0.8557304,33,0.7333097,10
377,377,7973,0.86241364,33,0.7613615,11
378,378,7975,0.8593244000000001,43,0.7712036,11
379,379,7976,0.8577326,32,0.767051,9
380,380,7977,0.85863954,51,0.7988286,32
381,381,7980,0.8626792999999999,47,0.757522,10
382,382,7981,0.8589075999999999,59,0.7924607,12
383,383,7983,0.86228585,32,0.78593266,16
384,384,7984,0.8589099,35,0.77530706,12
385,385,7985,0.86149126,34,0.78510034,12
386,386,7986,0.8679253,33,0.8160052,15
387,387,7987,0.86022127,32,0.76904225,18
388,388,7988,0.85814726,41,0.764346,14
389,389,7990,0.85939884,33,0.7759549,11
390,390,7991,0.8608587999999999,33,0.75603706,10
391,391,7992,0.860381,32,0.81014365,10
392,392,7993,0.85631216,33,0.7538866,10
393,393,7994,0.8597273000000001,32,0.7697618,18
394,394,7995,0.86579823,30,0.8041011,22
395,395,7996,0.8646408999999999,34,0.7775322,12
396,396,7997,0.86274636,50,0.7956732,12
397,397,7998,0.8560144000000001,48,0.7618426,10
398,398,7999,0.85734373,34,0.7506825,17
399,399,8000,0.85667235,34,0.74745196,10
400,400,8001,0.85675013,54,0.7565138,15
401,401,8002,0.8600884,33,0.79104507,12
402,402,8004,0.86071324,34,0.79254496,12
403,403,8008,0.86197114,33,0.81711775,16
404,404,8009,0.85484004,33,0.72360826,11
405,405,8010,0.8601972,33,0.7634536,15
406,406,8012,0.8569895000000001,39,0.7418153,10
407,407,8013,0.85551405,33,0.7387742,16
408,408,8014,0.8600027,33,0.7924522,10
409,409,8015,0.8593566999999999,33,0.7767532,18
410,410,8016,0.8655149,34,0.83508486,12
411,411,8018,0.8590144000000001,33,0.7388096,12
412,412,8019,0.8539673000000001,34,0.7475021,14
413,413,8021,0.8534619000000001,35,0.74475074,11
414,414,8022,0.85441756,34,0.7314418,9
415,415,8023,0.86003804,33,0.8046217,15
416,416,8024,0.86103886,55,0.7922751,16
417,417,8026,0.8638761,33,0.80127347,15
418,418,8027,0.86036366,42,0.77150774,9
419,419,8028,0.84815377,33,0.72284657,11
420,420,8029,0.8685798,32,0.8227275,16
421,421,8030,0.85582125,33,0.7267278,11
422,422,8032,0.85727656,32,0.7780901,10
423,423,8033,0.85869074,59,0.7890204,10
424,424,8035,0.86431384,34,0.8000058,18
425,425,8036,0.85877645,32,0.7812089,11
426,426,8037,0.85942453,59,0.7735348,16
427,427,8038,0.8607111,33,0.78377014,15
428,428,8040,0.86179614,33,0.8070215,18
429,429,8041,0.85866606,32,0.76621926,18
430,430,8042,0.8654649999999999,32,0.81215227,12
431,431,8043,0.8621122999999999,34,0.7840167,11
432,432,8044,0.85827434,33,0.7590366,13
433,433,8045,0.8656503000000001,32,0.7991747,17
434,434,8047,0.8616601999999999,32,0.8124398,11
435,435,8048,0.85860205,33,0.75764406,18
436,436,8049,0.8548167999999999,33,0.74242723,13
437,437,8050,0.86361086,32,0.7893673,10
438,438,8051,0.8621036,33,0.7962446,13
439,439,8052,0.8557596,33,0.776548,11
440,440,8054,0.86776996,32,0.78123045,10
441,441,8056,0.85878295,37,0.77116823,13
442,442,8057,0.8592565999999999,34,0.79621696,15
443,443,8058,0.8645788000000001,62,0.794055,24
444,444,8059,0.8523071,33,0.7216511,12
445,445,8060,0.86190975,57,0.776488,17
446,446,8061,0.8570063,38,0.75956374,11
447,447,8062,0.8506413,33,0.709559,13
448,448,8063,0.8582914,79,0.7490025,19
449,449,8064,0.86215985,33,0.8059687,10
450,450,8065,0.8563255,33,0.7571809,11
451,451,8066,0.86016667,41,0.7939304,12
452,452,8067,0.85427725,32,0.73439837,11
453,453,8068,0.860728,33,0.7937789,10
454,454,8069,0.85625196,34,0.75128376,11
455,455,8071,0.85578257,33,0.7628291,10
456,456,8072,0.86222386,55,0.77823186,35
457,457,8073,0.8590549999999999,32,0.78215957,13
458,458,8074,0.8601992,32,0.7725127,17
459,459,8075,0.8628106,33,0.79239917,13
460,460,8076,0.85796463,52,0.772087,12
461,461,8077,0.86170053,33,0.76626444,10
462,462,8078,0.8655905999999999,33,0.8139194,17
463,463,8079,0.85672617,35,0.78635955,10
464,464,8080,0.86673915,34,0.82576585,10
465,465,8081,0.8580959,32,0.7805579,11
466,466,8082,0.8503808,34,0.7295171,16
467,467,8084,0.8577235000000001,34,0.76315266,14
468,468,8085,0.85544515,33,0.69526047,10
469,469,8086,0.85498095,50,0.7704054,15
470,470,8087,0.858439,33,0.7724868,11
471,471,8088,0.8588275,33,0.7713997,11
472,472,8089,0.86051726,33,0.801291,10
473,473,8090,0.8519466,32,0.72094274,12
474,474,8091,0.86154103,34,0.7837831,12
475,475,8092,0.86584765,33,0.7895745,14
476,476,8095,0.86490405,34,0.81950885,10
477,477,8096,0.8583363000000002,32,0.78426695,14
478,478,8097,0.8585190999999999,42,0.75868374,13
479,479,8098,0.8580638,34,0.7738604,11
480,480,8100,0.8569331,33,0.76049954,10
481,481,8101,0.8543679,97,0.72414356,34
482,482,8102,0.8589893,32,0.7721427,10
483,483,8103,0.8610413,33,0.8052659,10
484,484,8104,0.8522793,33,0.73764366,11
485,485,8105,0.852708,34,0.7071572,16
486,486,8108,0.86229455,32,0.77629536,10
487,487,8109,0.86442775,86,0.7923754,22
488,488,8110,0.85816693,33,0.7702832,13
489,489,8111,0.8614881999999999,34,0.80012405,13
490,490,8112,0.8606521999999999,33,0.77902544,10
491,491,8113,0.8640982,35,0.79895306,10
492,492,8114,0.8550201,32,0.76689947,16
493,493,8115,0.85738826,33,0.7852578,11
494,494,8118,0.8531796,34,0.72548115,13
495,495,8120,0.8589754000000001,33,0.7772699,11
496,496,8121,0.86370504,32,0.8307345,16
497,497,8122,0.8672950999999999,34,0.82732785,12
498,498,8123,0.85597503,30,0.74529296,9
499,499,8124,0.86648977,32,0.8063589,10
500,500,8126,0.85902834,33,0.7853366,12
501,501,8127,0.8540206,33,0.7471834,13
502,502,8128,0.85567987,33,0.71414626,15
503,503,8131,0.86123455,34,0.7903303,11
504,504,8132,0.85233974,51,0.7313273,13
505,505,8134,0.8578180000000001,33,0.74983877,13
506,506,8136,0.8560167,35,0.7515026,10
507,507,8137,0.8544985,33,0.74807596,15
508,508,8138,0.8605608,33,0.7648263,13
509,509,8140,0.86033386,33,0.78834426,11
510,510,8142,0.85745776,33,0.7667818,9
511,511,8145,0.86300635,33,0.7744615,16
512,512,8146,0.86638635,45,0.8138256,17
513,513,8147,0.86127585,34,0.7745819,13
514,514,8149,0.8568391,34,0.77772355,10
515,515,8150,0.85829806,34,0.7685268,17
516,516,8151,0.85818315,33,0.77033734,11
517,517,8152,0.8662219000000001,45,0.7856153,22
518,518,8153,0.8618620000000001,33,0.77984905,10
519,519,8155,0.8615447,65,0.7853141,10
520,520,8156,0.8702448,34,0.8339213,11
521,521,8157,0.86237645,31,0.81132025,13
522,522,8158,0.855964,33,0.7673799,10
523,523,8159,0.85779995,34,0.78066695,11
524,524,8161,0.8583666,35,0.76651627,12
525,525,8162,0.86935425,33,0.8171499,10
526,526,8163,0.8582921999999998,32,0.78192997,22
527,527,8165,0.8571707000000001,36,0.7701478,10
528,528,8166,0.86009276,33,0.78653276,11
529,529,8167,0.8572327,34,0.76382446,10
530,530,8168,0.85795516,54,0.7797228,16
531,531,8169,0.8626128000000001,33,0.8061359,12
532,532,8170,0.86190975,33,0.77647877,9
533,533,8171,0.86151373,33,0.7897855,9
534,534,8172,0.86435634,34,0.8222406,16
535,535,8174,0.85713625,33,0.76839876,13
536,536,8175,0.86565053,50,0.76518965,29
537,537,8178,0.8579184999999999,33,0.759459,28
538,538,8179,0.85994726,38,0.7806432,14
539,539,8180,0.8593626,33,0.7854667,14
540,540,8181,0.85947067,33,0.7570004,10
541,541,8182,0.8512458,33,0.75402105,11
542,542,8184,0.86007965,34,0.7918376,9
543,543,8185,0.86195457,34,0.79524016,10
544,544,8186,0.86378783,34,0.80141115,10
545,545,8187,0.85618037,52,0.746989,10
546,546,8188,0.8660964,34,0.8000769,13
547,547,8189,0.85733837,33,0.7534694,9
548,548,8190,0.8667282,33,0.80802023,12
549,549,8191,0.85665023,45,0.79046893,20
550,550,8192,0.85728633,32,0.76202387,10
551,551,8193,0.85796964,53,0.77266204,10
552,552,8194,0.8633026,33,0.7902732,16
553,553,8195,0.85865915,33,0.7735463,24
554,554,8196,0.86416185,55,0.7853533,16
555,555,8197,0.8581878000000001,43,0.7653904,11
556,556,8198,0.85983133,33,0.7822821,9
557,557,8199,0.853282,33,0.754399,11
558,558,8200,0.8593511,77,0.7887647,18
559,559,8201,0.856341,55,0.76999986,13
560,560,8202,0.85969925,34,0.77683365,14
561,561,8205,0.8567724,33,0.77723086,11
562,562,8206,0.86076653,32,0.7943916,11
563,563,8207,0.85975766,32,0.8150422,12
564,564,8208,0.8580760000000001,37,0.77432466,11
565,565,8209,0.8611829,34,0.7980771,16
566,566,8210,0.86292505,34,0.77154934,11
567,567,8211,0.8562989,34,0.73944736,12
568,568,8214,0.86560714,32,0.80176485,14
569,569,8215,0.8674648000000001,33,0.8244045,13
570,570,8216,0.8548186,34,0.7460569,11
571,571,8217,0.85160124,33,0.67257386,11
572,572,8218,0.8584407,33,0.7712199,10
573,573,8219,0.8669517,43,0.82643425,10
574,574,8220,0.866157,33,0.8265224,14
575,575,8221,0.85708046,52,0.75716245,11
576,576,8222,0.8590753000000001,34,0.78846794,12
577,577,8224,0.8577640999999999,34,0.7414737,11
578,578,8225,0.8593511,33,0.7887562,13
579,579,8226,0.8684356,32,0.82111526,13
580,580,8227,0.8524314000000001,33,0.75427145,10
581,581,8228,0.8633684000000001,35,0.8087556,14
582,582,8229,0.8598639000000001,34,0.80677056,14
583,583,8230,0.85667646,33,0.76101196,14
584,584,8231,0.859049,34,0.806283,11
585,585,8233,0.8648145,34,0.7762568,11
586,586,8234,0.85456955,31,0.7517415,10
587,587,8235,0.8584035,32,0.7857169,11
588,588,8236,0.8510135,35,0.7097064,15
589,589,8238,0.85882187,33,0.7822506,12
590,590,8239,0.8664485000000001,32,0.8185705,13
591,591,8240,0.8609924999999999,43,0.7707207,11
592,592,8241,0.85060835,50,0.6910089,19
593,593,8243,0.85378337,34,0.73179513,13
594,594,8245,0.8557431999999999,34,0.7641005,11
595,595,8246,0.8562280000000001,34,0.7265688,9
596,596,8247,0.86313605,31,0.8112784,10
597,597,8249,0.8509989,33,0.6998309,11
598,598,8251,0.85954845,34,0.77501297,9
599,599,8252,0.86534226,35,0.80423117,11
600,600,8253,0.86835444,45,0.8136587,12
601,601,8254,0.85901815,33,0.78426635,9
602,602,8256,0.8507043,33,0.69809973,13
603,603,8259,0.8574511,34,0.77766013,9
604,604,8260,0.85788846,33,0.7524646,9
605,605,8261,0.8590629000000001,33,0.7525476,12
606,606,8263,0.86255574,33,0.79427135,14
607,607,8265,0.85143507,33,0.6799734,11
608,608,8266,0.8620144000000001,31,0.7955984,13
609,609,8267,0.86577165,34,0.81533897,14
610,610,8268,0.86466706,34,0.78798777,9
611,611,8269,0.8636289,42,0.8215554,13
612,612,8271,0.85754186,34,0.7602804,10
613,613,8272,0.8554822,37,0.75984955,13
614,614,8274,0.85758626,34,0.77104044,13
615,615,8275,0.8578243,30,0.78641367,12
616,616,8276,0.85641706,33,0.76553756,17
617,617,8277,0.85491514,33,0.7271059,15
618,618,8279,0.8558694,33,0.7506485,13
619,619,8280,0.8608201999999999,33,0.79934406,11
620,620,8282,0.8638264999999999,48,0.8292045,16
621,621,8283,0.8570556999999999,33,0.74918467,10
622,622,8284,0.86088777,34,0.7928549,12
623,623,8286,0.85900503,33,0.7555437,10
624,624,8287,0.8563997999999999,42,0.7520317,10
625,625,8288,0.8591126,32,0.7938808,18
626,626,8289,0.8628023000000001,33,0.83319634,13
627,627,8290,0.85558045,49,0.7399729,12
628,628,8291,0.8600341,34,0.7721195,11
629,629,8292,0.85447717,34,0.74715674,10
630,630,8293,0.8630452,33,0.8255334,13
631,631,8294,0.86400354,34,0.8098109,18
632,632,8295,0.86030215,31,0.80348307,17
633,633,8296,0.8641603000000001,34,0.8112351,12
634,634,8297,0.8567693000000001,32,0.740741,13
635,635,8299,0.85779035,33,0.72440743,14
636,636,8300,0.8584487,33,0.77178955,13
637,637,8301,0.85272604,39,0.7359847,10
638,638,8303,0.86941326,33,0.83622134,12
639,639,8304,0.85645074,33,0.7704146,13
640,640,8305,0.8626193000000001,32,0.8000282,14
641,641,8306,0.8608893,35,0.78801787,10
642,642,8308,0.8592554,33,0.7881515,16
643,643,8309,0.8656079,33,0.8250473,10
644,644,8310,0.85900086,33,0.7821497,12
645,645,8311,0.84888434,32,0.68819106,10
646,646,8313,0.86300355,33,0.8079744,10
647,647,8314,0.8643591999999999,33,0.8141857,21
648,648,8316,0.84518206,42,0.67498815,11
649,649,8317,0.85716283,40,0.7555655,13
650,650,8318,0.85489583,32,0.7628959,17
651,651,8319,0.8477833,33,0.6986106,10
652,652,8322,0.8582921999999998,38,0.781935,14
653,653,8323,0.8631740999999999,60,0.8007728,25
654,654,8324,0.8653568000000001,32,0.8463676,19
655,655,8325,0.86176896,33,0.8030982,9
656,656,8326,0.8694649,34,0.84715295,9
657,657,8327,0.8567693000000001,33,0.7484491,11
658,658,8328,0.8613073,34,0.7921164,11
659,659,8329,0.85765153,34,0.76024944,23
660,660,8330,0.8511804000000001,32,0.69527084,12
661,661,8331,0.8624075999999999,34,0.7923368,16
662,662,8333,0.8567344000000001,34,0.77032685,10
663,663,8334,0.8608836999999999,33,0.79720616,12
664,664,8335,0.87084204,33,0.84017897,11
665,665,8336,0.8604166999999999,33,0.7897383,10
666,666,8337,0.85718405,34,0.77624846,10
667,667,8338,0.85909796,33,0.776265,10
668,668,8339,0.8573629,34,0.7483321,11
669,669,8341,0.8598019,33,0.78892857,11
670,670,8344,0.8652472999999999,31,0.838763,12
671,671,8345,0.85967076,33,0.7495754,11
672,672,8346,0.8577083000000001,34,0.78924453,12
673,673,8347,0.8640958000000001,34,0.79076004,9
674,674,8348,0.8577309999999999,37,0.76189685,14
675,675,8349,0.8670589,33,0.8167412,10
676,676,8350,0.8565565999999999,41,0.7550957,14
677,677,8351,0.8588091,33,0.78504086,13
678,678,8352,0.8595306999999999,33,0.73219794,13
679,679,8353,0.86057687,46,0.78652245,12
680,680,8354,0.8560308000000001,34,0.74437344,10
681,681,8355,0.8601296,34,0.7908466,11
682,682,8356,0.8690109,31,0.7879448,10
683,683,8357,0.86613464,33,0.82464457,12
684,684,8358,0.8627611,31,0.8201362,11
685,685,8359,0.8532546,33,0.75852823,11
686,686,8360,0.85322523,34,0.72279626,12
687,687,8361,0.85474205,32,0.7110623,16
688,688,8363,0.8586492,33,0.7600727,11
689,689,8364,0.8643049,35,0.81166846,16
690,690,8365,0.8557633,34,0.7571697,14
691,691,8366,0.86190975,34,0.77646995,12
692,692,8367,0.85529923,33,0.75555676,11
693,693,8368,0.8583437,51,0.7963305,13
694,694,8369,0.85792047,32,0.77237546,11
695,695,8371,0.86181414,33,0.79892397,15
696,696,8374,0.8588495,34,0.7884741,16
697,697,8375,0.8425366,43,0.6603947,10
698,698,8377,0.86474514,33,0.81575334,14
699,699,8378,0.865348,33,0.7823007,16
700,700,8379,0.8519614999999999,39,0.7196938,11
701,701,8380,0.8444895,33,0.6850108,11
702,702,8381,0.855917,33,0.72973573,9
703,703,8382,0.857582,33,0.7789502,12
704,704,8383,0.8617513000000001,33,0.7633178,10
705,705,8384,0.86054546,32,0.79077345,10
706,706,8385,0.858466,33,0.7716608,10
707,707,8386,0.8509588,36,0.7383734,10
708,708,8387,0.86575043,34,0.833954,12
709,709,8389,0.85892826,31,0.78382814,11
710,710,8390,0.86688507,33,0.79181695,28
711,711,8394,0.8541974,34,0.7463748,19
712,712,8395,0.8634013,45,0.7996689,22
713,713,8396,0.8576348,31,0.7882178,9
714,714,8397,0.8563453999999999,45,0.7546809,10
715,715,8398,0.8589195,52,0.7882043,10
716,716,8399,0.8562269,37,0.77213776,11
717,717,8400,0.8584636999999998,34,0.76590717,10
718,718,8401,0.8600627000000001,33,0.7848476,11
719,719,8402,0.85467106,33,0.72342455,15
720,720,8403,0.8599218000000001,33,0.78310525,13
721,721,8405,0.8588764000000001,34,0.75920546,11
722,722,8406,0.85707486,46,0.7818631,10
723,723,8407,0.8628705,33,0.8288251,10
724,724,8409,0.8586632,49,0.77910566,13
725,725,8410,0.86842823,43,0.7957463,11
726,726,8414,0.86258894,33,0.78105533,13
727,727,8415,0.85945225,31,0.7909692,9
728,728,8420,0.8596229,32,0.77270687,10
729,729,8421,0.8554716,33,0.7426098,12
730,730,8422,0.85233974,39,0.731327,11
731,731,8423,0.8545455,34,0.7516095,12
732,732,8425,0.8651709999999999,34,0.81332415,10
733,733,8426,0.8492937,32,0.73262453,11
734,734,8427,0.85902274,33,0.79080456,19
735,735,8428,0.8592844000000001,34,0.7593262,17
736,736,8429,0.8545242000000001,33,0.7524431,14
737,737,8430,0.85769916,32,0.7782727,13
738,738,8433,0.8533956,33,0.7154944,11
739,739,8434,0.85698557,33,0.74786425,9
740,740,8435,0.8571125,33,0.74286443,12
741,741,8436,0.8641274,91,0.8164958,21
742,742,8437,0.85536665,47,0.7308388,20
743,743,8438,0.858585,32,0.78316,11
744,744,8439,0.8515695,34,0.7567995,10
745,745,8441,0.8581866,34,0.75891745,13
746,746,8442,0.8568555,35,0.77014816,18
747,747,8443,0.86299336,34,0.8030169,12
748,748,8444,0.86159074,34,0.7856058,10
749,749,8446,0.8578502,36,0.7613869,11
750,750,8447,0.86059797,33,0.7874445,11
751,751,8448,0.86598694,34,0.7986821,14
752,752,8449,0.8645225000000001,33,0.8243052,10
753,753,8451,0.8615894000000001,51,0.8001882,11
754,754,8452,0.8579078000000001,32,0.77923965,10
755,755,8453,0.86582506,34,0.81508934,11
756,756,8454,0.86371195,33,0.78897405,13
757,757,8455,0.8576033000000002,32,0.78056407,11
758,758,8456,0.85514224,32,0.73632383,14
759,759,8458,0.857087,33,0.74614835,9
760,760,8459,0.87232876,34,0.81815004,9
761,761,8461,0.86031926,32,0.74828136,11
762,762,8464,0.85982156,34,0.78321344,10
763,763,8465,0.8553693000000001,33,0.74471384,11
764,764,8466,0.8571787000000001,34,0.7739898,10
765,765,8468,0.8559773999999999,34,0.7481657,11
766,766,8470,0.8590356,34,0.77552927,16
767,767,8471,0.8584033999999999,33,0.76700044,12
768,768,8472,0.8533181000000001,33,0.75066316,10
769,769,8473,0.85463387,33,0.7067555,13
770,770,8474,0.8583809000000001,33,0.79003084,14
771,771,8475,0.8582904,34,0.77973443,10
772,772,8476,0.85655665,33,0.74888325,10
773,773,8477,0.86217433,34,0.80225205,11
774,774,8478,0.86144483,71,0.8092188,22
775,775,8479,0.8574248999999999,35,0.75504225,12
776,776,8480,0.8534638000000001,40,0.6838341,10
777,777,8481,0.8585874,34,0.7676752,20
778,778,8482,0.8572949000000001,33,0.75612473,27
779,779,8485,0.8574146,51,0.75856954,11
780,780,8487,0.8551224000000001,83,0.74484587,22
781,781,8488,0.8600104,47,0.79239094,18
782,782,8489,0.85671926,34,0.7576655,12
783,783,8491,0.85611475,34,0.7471353,11
784,784,8492,0.86942977,33,0.8350673,11
785,785,8493,0.8610589,33,0.7829764,15
786,786,8494,0.8621688,33,0.8122211,12
787,787,8495,0.8622357,34,0.8115846,14
788,788,8496,0.8579321,33,0.765236,9
789,789,8497,0.8574973,34,0.77793473,23
790,790,8498,0.8599614,32,0.7874702,15
791,791,8499,0.8578379,32,0.76232785,12
792,792,8500,0.8546268,34,0.6986907,11
793,793,8503,0.8578985,49,0.76345325,18
794,794,8504,0.86018056,32,0.7803396,14
795,795,8505,0.85883933,34,0.7769825,12
796,796,8506,0.86048794,35,0.7831834,12
797,797,8507,0.86233866,34,0.8061377,10
798,798,8508,0.8582690999999999,34,0.7859901,14
799,799,8509,0.8563255,31,0.75717545,15
800,800,8510,0.85719323,33,0.75141907,14
801,801,8512,0.8584113000000001,34,0.77011126,13
802,802,8513,0.85680974,33,0.77293116,13
803,803,8514,0.86051726,32,0.8012899,10
804,804,8515,0.8565949,33,0.7684001,13
805,805,8516,0.86350214,32,0.8260261,13
806,806,8517,0.85736156,50,0.76727545,10
807,807,8518,0.8596328000000001,32,0.78344846,10
808,808,8520,0.8553558000000001,33,0.74875796,14
809,809,8521,0.86229646,33,0.82835,17
810,810,8522,0.8618889999999999,33,0.78713673,11
811,811,8525,0.8566971999999999,33,0.7549175,15
812,812,8526,0.8589879,32,0.7865685,11
813,813,8529,0.8556953000000002,37,0.7535563,9
814,814,8530,0.8701585,33,0.831704,20
815,815,8531,0.8579715,32,0.7858209,19
816,816,8532,0.86232924,32,0.8113265,11
817,817,8535,0.86451375,36,0.80553967,12
818,818,8538,0.85699534,33,0.77238095,14
819,819,8542,0.8565896999999999,55,0.75688946,12
820,820,8543,0.8563529000000001,32,0.7672039,20
821,821,8544,0.8565949,34,0.7684001,10
822,822,8545,0.85462844,33,0.73341,10
823,823,8546,0.85945505,34,0.7913143,9
824,824,8547,0.8497099,33,0.71443844,10
825,825,8549,0.8558005,33,0.75421655,11
826,826,8550,0.8566657,32,0.77039444,12
827,827,8551,0.85968304,34,0.7999167,13
828,828,8552,0.85590273,33,0.7670169,11
829,829,8553,0.85651994,34,0.74486756,10
830,830,8554,0.85456955,34,0.75173795,11
831,831,8556,0.8608868000000001,35,0.8008125,10
832,832,8557,0.8623854,34,0.8090818,13
833,833,8558,0.8618775,33,0.78633446,10
834,834,8560,0.8603450999999999,32,0.77508664,11
835,835,8561,0.86574185,55,0.81273204,14
836,836,8562,0.86324924,33,0.8224588,12
837,837,8563,0.85462844,33,0.73341054,12
838,838,8565,0.86190975,33,0.77647746,12
839,839,8566,0.8592390999999999,50,0.7735673,19
840,840,8568,0.86089283,34,0.8177477,12
841,841,8572,0.8541665999999999,32,0.7633208,16
842,842,8573,0.85690904,32,0.751052,10
843,843,8575,0.8613558000000001,33,0.7821846,9
844,844,8576,0.86254436,49,0.82640505,12
845,845,8577,0.8655293,34,0.80775523,9
846,846,8578,0.8635992,31,0.80193913,14
847,847,8579,0.8535159,33,0.6902777,14
848,848,8580,0.8611709000000001,33,0.79207635,11
849,849,8581,0.86067486,35,0.76925623,10
850,850,8582,0.8669001000000001,33,0.79309106,10
851,851,8583,0.86213315,34,0.7661159,11
852,852,8584,0.85707116,33,0.75874627,10
853,853,8585,0.8543323,34,0.75082046,12
854,854,8586,0.86298215,33,0.7998973,12
855,855,8587,0.8607311,33,0.80010223,15
856,856,8588,0.85293996,34,0.7219598,10
857,857,8590,0.8603089,33,0.80553675,11
858,858,8591,0.86463857,33,0.8170359,11
859,859,8592,0.85982054,34,0.7653142,15
860,860,8593,0.85746956,32,0.77187717,10
861,861,8594,0.86135817,34,0.8049929,14
862,862,8595,0.85663474,33,0.7710806,12
863,863,8596,0.86123335,88,0.79113036,39
864,864,8597,0.85840833,32,0.8016514,12
865,865,8598,0.85783327,37,0.7649149,10
866,866,8600,0.86963624,41,0.84470916,15
867,867,8601,0.8636385,57,0.7758093,10
868,868,8602,0.8639368000000001,37,0.8115996,10
869,869,8603,0.85823107,43,0.77484196,11
870,870,8604,0.857023,31,0.76359755,10
871,871,8605,0.8660851999999999,35,0.80094373,11
872,872,8606,0.8629116,43,0.794818,15
873,873,8607,0.8621416999999999,32,0.78249395,10
874,874,8609,0.8599455,37,0.7895905,10
875,875,8611,0.8653566999999999,33,0.80753493,12
876,876,8613,0.85350245,34,0.7410058,12
877,877,8614,0.8600968000000001,48,0.7763797,27
878,878,8615,0.85856324,33,0.76569647,13
879,879,8616,0.85764384,33,0.7773073,9
880,880,8618,0.8603506,33,0.76271206,12
881,881,8619,0.8624689,34,0.79012585,9
882,882,8621,0.85829645,56,0.7753688,9
883,883,8622,0.85441804,31,0.7367323,12
884,884,8623,0.8570576999999999,36,0.764012,11
885,885,8624,0.8628701999999999,34,0.8036536,14
886,886,8625,0.86064315,86,0.7891976,18
887,887,8628,0.85712814,33,0.780118,13
888,888,8629,0.8636179,31,0.79468155,10
889,889,8630,0.8591827,33,0.7861413,11
890,890,8631,0.8569948000000001,85,0.7522265,18
891,891,8632,0.8576514000000001,33,0.75841665,12
892,892,8633,0.86957365,34,0.82171446,11
893,893,8635,0.8591528,33,0.7799331,14
894,894,8636,0.8587427,33,0.77992094,12
895,895,8637,0.8607367,33,0.77677196,11
896,896,8638,0.858547,32,0.792403,9
897,897,8640,0.8578368000000001,34,0.7613443,16
898,898,8641,0.86381876,33,0.7850673,11
899,899,8642,0.849879,34,0.6974624,11
900,900,8643,0.8556935999999999,33,0.74620575,14
901,901,8644,0.86214006,33,0.80498594,12
902,902,8646,0.853721,32,0.71733695,10
903,903,8647,0.8583249,34,0.76734555,10
904,904,8648,0.8573735,33,0.7663863,12
905,905,8649,0.86481154,35,0.8270769,10
906,906,8650,0.85471904,32,0.74480003,16
907,907,8652,0.8560363999999999,65,0.73683935,12
908,908,8653,0.8498405000000001,38,0.6913975,10
909,909,8654,0.8656517,32,0.8136127,13
910,910,8655,0.8598492,34,0.79226124,10
911,911,8657,0.8582431999999999,57,0.760093,17
912,912,8658,0.8643504999999999,37,0.791352,13
913,913,8659,0.86037743,33,0.7611257,11
914,914,8660,0.8575573000000001,55,0.77756417,10
915,915,8661,0.8557499,33,0.7304674,10
916,916,8663,0.8645183000000001,32,0.7879293,12
917,917,8664,0.85225165,33,0.72660995,10
918,918,8665,0.86335063,34,0.77512276,15
919,919,8667,0.85813284,32,0.76598305,11
920,920,8668,0.8561350000000001,33,0.7520517,10
921,921,8669,0.85403454,32,0.72544324,12
922,922,8670,0.8593675999999999,33,0.7865815,12
923,923,8671,0.86273944,33,0.81109965,13
924,924,8672,0.8601451999999999,34,0.78321826,10
925,925,8673,0.85481095,34,0.72433364,11
926,926,8674,0.8473030999999999,48,0.70882225,17
927,927,8676,0.83723575,33,0.6307899,20
928,928,8677,0.854749,51,0.74079967,9
929,929,8678,0.8622665,33,0.7845135,14
930,930,8679,0.8585101,34,0.7645571,13
931,931,8680,0.8690718000000001,34,0.84328616,14
932,932,8683,0.8574407,39,0.7524371,16
933,933,8684,0.85937893,33,0.7742723,12
934,934,8685,0.85836965,34,0.76535964,13
935,935,8687,0.8527783999999999,34,0.7033788,14
936,936,8689,0.86143184,34,0.7877995,10
937,937,8691,0.86891353,32,0.82882196,11
938,938,8692,0.8660486999999999,33,0.8231934,23
939,939,8693,0.8450184000000001,33,0.6685114,12
940,940,8694,0.85166514,34,0.742235,18
941,941,8695,0.8619466,48,0.7465563,14
942,942,8696,0.8593736999999999,39,0.7912617,10
943,943,8698,0.86410356,33,0.8054476,10
944,944,8700,0.86479735,33,0.8022179,16
945,945,8701,0.8591628000000001,48,0.7556585,14
946,946,8702,0.8600714,33,0.7836832,11
947,947,8704,0.8578360999999999,36,0.7570962,9
948,948,8705,0.8630831,33,0.80336195,11
949,949,8708,0.86032724,32,0.7789577,11
950,950,8709,0.86325824,34,0.7858385,10
951,951,8710,0.8617796999999998,64,0.7956625,34
952,952,8711,0.8625494,33,0.7937007,9
953,953,8713,0.8725902,64,0.84443736,11
954,954,8714,0.8610534,32,0.78544885,9
955,955,8717,0.85715675,33,0.75524163,19
956,956,8718,0.87092364,34,0.83215034,9
957,957,8719,0.85254574,34,0.7342013,14
958,958,8720,0.86672246,35,0.8318644,12
959,959,8722,0.86174804,33,0.76761234,10
960,960,8723,0.86473143,33,0.8117434,14
961,961,8724,0.86272955,32,0.78917134,15
962,962,8725,0.85719085,33,0.7594143,13
963,963,8726,0.86380374,33,0.79010177,15
964,964,8727,0.86069727,50,0.7773295,13
965,965,8729,0.85661435,48,0.73192775,14
966,966,8730,0.8582200999999999,45,0.76117444,10
967,967,8731,0.85692114,34,0.7758669,10
968,968,8732,0.85947436,34,0.7538065,11
969,969,8733,0.85649335,35,0.7347239,10
970,970,8734,0.854944,41,0.72543436,10
971,971,8735,0.86100805,33,0.782643,13
972,972,8736,0.8566396000000001,34,0.7394511,13
973,973,8738,0.86335135,34,0.80835676,11
974,974,8739,0.85638356,33,0.7558303,13
975,975,8740,0.8622721,31,0.7968576,10
976,976,8741,0.8588644,33,0.7813361,17
977,977,8742,0.85505295,34,0.7323334,15
978,978,8743,0.8564404,33,0.7654155,11
979,979,8744,0.8576347,35,0.7512189,12
980,980,8746,0.85870624,33,0.77456325,10
981,981,8748,0.85696125,43,0.7593634,10
982,982,8749,0.8554758,33,0.73535824,14
983,983,8750,0.8605732,34,0.7883033,11
984,984,8751,0.8569505,34,0.73725045,10
985,985,8752,0.86136895,34,0.82357967,10
986,986,8753,0.87100893,34,0.83947754,10
987,987,8754,0.8692287000000001,33,0.814267,12
988,988,8755,0.8571470999999999,88,0.76647204,39
989,989,8756,0.8645567,32,0.806726,10
990,990,8757,0.8614709,33,0.80668586,12
991,991,8758,0.8572315,33,0.72429836,14
992,992,8759,0.863792,32,0.8155476,9
993,993,8760,0.8590033000000001,33,0.7881354,12
994,994,8762,0.8566075000000001,31,0.7470146,10
995,995,8763,0.84507376,33,0.70365626,15
996,996,8764,0.8620011999999999,34,0.78190386,14
997,997,8765,0.8500484,34,0.71144164,15
998,998,8766,0.8552649999999999,32,0.7484498,10
999,999,8768,0.8564016999999999,33,0.77270293,13
1000,1000,8770,0.85946333,32,0.7579272,16
1001,1001,8771,0.8580446,40,0.7806444,11
1002,1002,8772,0.85494924,33,0.7487493,14
1003,1003,8774,0.8586891999999999,49,0.74833226,14
1004,1004,8775,0.85895693,32,0.7853273,12
1005,1005,8776,0.8603506,33,0.762709,11
1006,1006,8778,0.8608424000000001,34,0.7725575,10
1007,1007,8779,0.85809046,36,0.77674794,12
1008,1008,8780,0.86216104,32,0.78890955,10
1009,1009,8781,0.86098003,56,0.802665,13
1010,1010,8782,0.8557023000000001,32,0.7392619,12
1011,1011,8783,0.86186004,33,0.8065474,11
1012,1012,8784,0.85674864,34,0.75645256,16
1013,1013,8785,0.8482765,33,0.7020285,13
1014,1014,8786,0.85759115,35,0.7784958,12
1015,1015,8788,0.86159724,32,0.76850855,16
1016,1016,8789,0.8588855,32,0.7935153,12
1017,1017,8790,0.8612076,34,0.78362703,11
1018,1018,8791,0.8593721,31,0.78354925,14
1019,1019,8792,0.8524289,33,0.7201991,14
1020,1020,8794,0.8594796,33,0.78343284,11
1021,1021,8795,0.85656685,41,0.7618926,10
1022,1022,8796,0.86416334,32,0.79624945,11
1023,1023,8797,0.8618889999999999,57,0.78713596,10
1024,1024,8799,0.86053133,34,0.80654323,9
1025,1025,8800,0.85734904,34,0.7809428,10
1026,1026,8802,0.8636687,33,0.80444324,10
1027,1027,8803,0.8599455,32,0.7895845,12
1028,1028,8804,0.8615375,33,0.81397116,19
1029,1029,8805,0.8560841999999999,32,0.7326251,21
1030,1030,8806,0.8631059000000001,33,0.78470474,20
1031,1031,8807,0.860234,33,0.7665297,9
1032,1032,8808,0.8588389000000001,34,0.7532022,15
1033,1033,8810,0.8580106,38,0.77811,10
1034,1034,8811,0.85415125,33,0.74413073,16
1035,1035,8813,0.8565669,33,0.75755197,12
1036,1036,8814,0.8631245999999999,34,0.78097373,11
1037,1037,8815,0.86131084,32,0.80280256,10
1038,1038,8816,0.86356664,34,0.7814324,14
1039,1039,8817,0.8695792,33,0.84833217,10
1040,1040,8818,0.8583249,32,0.7673459,12
1041,1041,8819,0.86932015,34,0.81591964,19
1042,1042,8820,0.8538315999999999,34,0.73510206,10
1043,1043,8821,0.857915,33,0.7667861,10
1044,1044,8822,0.8619572,32,0.7788369,13
1045,1045,8825,0.85961694,34,0.7827706,11
1046,1046,8826,0.85842144,72,0.7920778,28
1047,1047,8827,0.86499166,33,0.80876803,11
1048,1048,8828,0.8576944,33,0.7737814,14
1049,1049,8829,0.85814726,95,0.76434094,12
1050,1050,8830,0.8695354,34,0.82885927,15
1051,1051,8833,0.8616976999999999,57,0.8136456,13
1052,1052,8834,0.8596331,34,0.7705166,14
1053,1053,8835,0.85967946,33,0.7521367,11
1054,1054,8837,0.85635793,47,0.7654954,11
1055,1055,8838,0.85617733,35,0.7646019,15
1056,1056,8840,0.86485875,33,0.8021971,13
1057,1057,8842,0.85630316,33,0.75905037,10
1058,1058,8843,0.8593745,56,0.7761837,25
1059,1059,8845,0.8578243,34,0.78641295,14
1060,1060,8846,0.8578063,34,0.7701354,17
1061,1061,8849,0.85704553,33,0.75436187,10
1062,1062,8851,0.8579209000000001,32,0.77317435,9
1063,1063,8852,0.85918784,34,0.7680427,11
1064,1064,8853,0.86064315,34,0.7891902,11
1065,1065,8855,0.8607888000000001,32,0.7880651,11
1066,1066,8856,0.8612931,32,0.77499574,10
1067,1067,8858,0.86622506,33,0.8184335,10
1068,1068,8859,0.8544377000000001,32,0.7607807,12
1069,1069,8860,0.86187536,33,0.80531085,12
1070,1070,8861,0.86366314,34,0.8034761,12
1071,1071,8862,0.8568800999999999,33,0.76144826,13
1072,1072,8863,0.8647952,35,0.82741714,12
1073,1073,8865,0.85827625,32,0.74964803,18
1074,1074,8866,0.8705742,33,0.81945634,10
1075,1075,8868,0.85811836,34,0.7649632,10
1076,1076,8869,0.8577343000000001,37,0.7783341,10
1077,1077,8870,0.8552382,32,0.7524373,12
1078,1078,8871,0.86351156,32,0.8185096,12
1079,1079,8872,0.8597094999999999,34,0.7862674,13
1080,1080,8873,0.8566143,34,0.7707611,10
1081,1081,8874,0.85704404,34,0.752386,12
1082,1082,8875,0.85967076,36,0.7495591,16
1083,1083,8876,0.8658693000000001,33,0.8245398,15
1084,1084,8877,0.8635482,34,0.7661611,10
1085,1085,8878,0.86040425,34,0.8040719,13
1086,1086,8879,0.86044484,45,0.7458694,14
1087,1087,8881,0.8557916999999999,33,0.75875205,11
1088,1088,8883,0.8588164,33,0.7714475,16
1089,1089,8885,0.8573489,33,0.7612449,9
1090,1090,8887,0.8600223,34,0.78831065,11
1091,1091,8888,0.8573228999999999,35,0.77567214,9
1092,1092,8889,0.858034,33,0.7579558,10
1093,1093,8890,0.85745203,53,0.7490182,16
1094,1094,8891,0.84618354,33,0.684314,11
1095,1095,8892,0.86398375,31,0.79937637,12
1096,1096,8893,0.8598171,33,0.77631474,10
1097,1097,8894,0.8587078000000001,33,0.75867766,12
1098,1098,8895,0.85452574,34,0.72119784,10
1099,1099,8896,0.85784304,33,0.7599027,13
1100,1100,8897,0.855253,33,0.7669625,14
1101,1101,8900,0.85539544,34,0.7349481,17
1102,1102,8902,0.86742556,33,0.80912995,12
1103,1103,8903,0.85786283,33,0.77712154,16
1104,1104,8904,0.85545594,48,0.7359014,16
1105,1105,8905,0.8543089,33,0.73405445,16
1106,1106,8906,0.8575709999999999,31,0.77465665,12
1107,1107,8907,0.86063683,33,0.7898208,11
1108,1108,8909,0.8573501,34,0.7468278,15
1109,1109,8910,0.8573767,31,0.7821785,16
1110,1110,8911,0.85826105,55,0.77295566,16
1111,1111,8912,0.85894847,32,0.78365874,9
1112,1112,8913,0.85849845,67,0.76670504,23
1113,1113,8914,0.8607583000000001,34,0.77983785,11
1114,1114,8915,0.8602947,34,0.7820189,13
1115,1115,8916,0.8617064,34,0.8169999,13
1116,1116,8918,0.8465028,56,0.6751464,16
1117,1117,8920,0.85787547,32,0.7753742,14
1118,1118,8923,0.8626423000000001,33,0.7917213,12
1119,1119,8924,0.859511,33,0.7894308,15
1120,1120,8926,0.85960615,32,0.79348767,13
1121,1121,8928,0.8600235,33,0.7790692,12
1122,1122,8929,0.86427987,34,0.79260314,10
1123,1123,8930,0.87167466,33,0.8409438,12
1124,1124,8931,0.8590610999999999,33,0.7953765,9
1125,1125,8932,0.86828566,34,0.8119175,9
1126,1126,8933,0.86139363,33,0.7951356,11
1127,1127,8934,0.8587406999999999,33,0.77233845,14
1128,1128,8935,0.8583443999999999,33,0.7770766,11
1129,1129,8937,0.8594472,34,0.7674412,10
1130,1130,8938,0.8569566999999999,42,0.7610551,10
1131,1131,8940,0.8574502,30,0.7628334,13
1132,1132,8942,0.85508573,33,0.72555757,11
1133,1133,8944,0.85286295,33,0.7329581,13
1134,1134,8945,0.86860704,33,0.8285978,15
1135,1135,8946,0.8644620000000001,34,0.8191402,18
1136,1136,8948,0.8589459999999999,33,0.7588456,16
1137,1137,8949,0.85597545,35,0.7562764,11
1138,1138,8950,0.8558245999999999,34,0.7333486,10
1139,1139,8952,0.8538792,35,0.729564,10
1140,1140,8953,0.85994464,33,0.78317285,12
1141,1141,8954,0.8525636000000001,35,0.7279939,18
1142,1142,8955,0.8545301,34,0.74126965,12
1143,1143,8956,0.85533917,33,0.7705218,11
1144,1144,8957,0.8565096999999999,34,0.754018,13
1145,1145,8959,0.8548264000000001,31,0.75832057,20
1146,1146,8960,0.8639374,45,0.8320719,14
1147,1147,8961,0.8587465,34,0.7581103,10
1148,1148,8962,0.85227925,33,0.7518326,11
1149,1149,8963,0.8574649999999999,34,0.76798964,13
1150,1150,8964,0.8577463,33,0.7818229,10
1151,1151,8965,0.8586241,33,0.7801906,12
1152,1152,8967,0.8591576,32,0.77270544,12
1153,1153,8968,0.8647173,32,0.8162664,10
1154,1154,8969,0.8719839,33,0.8548391,13
1155,1155,8970,0.8607201999999999,32,0.79826605,14
1156,1156,8972,0.8633126,31,0.80627304,14
1157,1157,8973,0.85813856,34,0.7647197,10
1158,1158,8974,0.8620206,35,0.80438423,11
1159,1159,8976,0.8643423000000001,33,0.7986933,20
1160,1160,8977,0.85991967,35,0.7929814,11
1161,1161,8978,0.8640462,33,0.7993542,12
1162,1162,8979,0.8604280000000001,38,0.820657,11
1163,1163,8980,0.8503101999999999,32,0.6917523,15
1164,1164,8981,0.8607961999999999,33,0.7915329,22
1165,1165,8983,0.85988456,34,0.79255015,12
1166,1166,8984,0.85063654,33,0.7262512,17
1167,1167,8985,0.86025786,31,0.8000888,10
1168,1168,8986,0.8580313,37,0.7869215,10
1169,1169,8987,0.8643069,55,0.76166904,16
1170,1170,8988,0.86533725,33,0.8146106,14
1171,1171,8989,0.8584212,33,0.76582074,10
1172,1172,8990,0.8625888,47,0.7836096,11
1173,1173,8992,0.8680179,33,0.8267369,11
1174,1174,8994,0.8564745999999999,34,0.7567558,11
1175,1175,8995,0.8592448,33,0.7849412,10
1176,1176,8997,0.8648839,32,0.80399054,12
1177,1177,8998,0.8578275,34,0.7643465,13
1178,1178,8999,0.8590701999999999,34,0.7843368,9
1179,1179,9000,0.86144614,55,0.8025164,11
1180,1180,9001,0.86091006,34,0.7979598,22
1181,1181,9003,0.85743815,33,0.75756025,13
1182,1182,9004,0.8517733000000001,32,0.7146671,10
1183,1183,9005,0.85483587,34,0.7557913,9
1184,1184,9006,0.86079544,50,0.8114691,17
1185,1185,9007,0.8504113999999999,33,0.6990702,10
1186,1186,9008,0.85705,32,0.7648914,11
1187,1187,9009,0.8634138000000001,34,0.7868866,10
1188,1188,9010,0.8597754000000001,31,0.80135775,10
1189,1189,9011,0.8592713,37,0.78144646,14
1190,1190,9012,0.8649626,31,0.8164129,23
1191,1191,9013,0.8670589,33,0.8167387,13
1192,1192,9014,0.8613632,34,0.7790215,14
1193,1193,9016,0.8595741,33,0.78082216,18
1194,1194,9017,0.8466662,34,0.6863785,23
1195,1195,9018,0.85736084,33,0.75098825,14
1196,1196,9020,0.8600102,39,0.758101,14
1197,1197,9022,0.8652201999999999,32,0.8250312,9
1198,1198,9025,0.8619285,34,0.8101388,10
1199,1199,9026,0.8672312,33,0.8012049,11
1200,1200,9027,0.8624716,32,0.79236054,15
1201,1201,9028,0.86552763,65,0.8163737,14
1202,1202,9031,0.86221415,34,0.79486334,10
1203,1203,9032,0.87075496,34,0.85329866,24
1204,1204,9033,0.85928166,47,0.787992,10
1205,1205,9034,0.8633438,88,0.79931843,15
1206,1206,9035,0.8581828000000001,33,0.79423946,28
1207,1207,9037,0.85882324,38,0.77265275,14
1208,1208,9038,0.85591364,34,0.73555505,12
1209,1209,9039,0.8585976000000001,34,0.7858527,13
1210,1210,9041,0.86317956,34,0.8213628,10
1211,1211,9042,0.8562341,37,0.7456104,11
1212,1212,9044,0.8570129999999999,36,0.7555605,12
1213,1213,9045,0.8564806,32,0.749034,10
1214,1214,9047,0.84865916,44,0.7171028,10
1215,1215,9048,0.8645788000000001,33,0.7940513,12
1216,1216,9050,0.86005044,59,0.8128016,17
1217,1217,9052,0.8641747,34,0.7956829,15
1218,1218,9053,0.85812044,33,0.77670217,11
1219,1219,9055,0.85699815,33,0.7737212,9
1220,1220,9056,0.85409224,30,0.7035871,11
1221,1221,9057,0.85672504,33,0.771646,15
1222,1222,9058,0.86438966,33,0.83163965,10
1223,1223,9059,0.8526915,32,0.7016108,10
1224,1224,9060,0.8604139000000001,34,0.79962265,10
1225,1225,9061,0.8673605999999999,33,0.83927363,9
1226,1226,9063,0.85762733,74,0.77804697,25
1227,1227,9064,0.8533689,33,0.7129233,12
1228,1228,9065,0.85795736,33,0.76734304,11
1229,1229,9066,0.8542789000000001,34,0.74961793,9
1230,1230,9067,0.85551405,43,0.73877835,10
1231,1231,9068,0.85841537,70,0.76298296,24
1232,1232,9069,0.8542955,34,0.7522087,13
1233,1233,9070,0.8615298000000001,34,0.802732,10
1234,1234,9071,0.8588610999999999,31,0.76855385,19
1235,1235,9072,0.86350644,32,0.7922902,11
1236,1236,9073,0.8540622,34,0.70236784,17
1237,1237,9074,0.8620144000000001,55,0.7955959,10
1238,1238,9075,0.8626870999999999,48,0.80669373,23
1239,1239,9076,0.85954374,32,0.79708254,10
1240,1240,9078,0.85406744,34,0.7666497,11
1241,1241,9079,0.8626953000000002,44,0.79656535,11
1242,1242,9082,0.8597343000000001,32,0.78523123,10
1243,1243,9083,0.86110103,33,0.7786163,10
1244,1244,9084,0.86564624,34,0.8128192,12
1245,1245,9086,0.8584516,33,0.78156453,14
1246,1246,9088,0.8577476999999999,34,0.78506774,10
1247,1247,9089,0.86042863,33,0.79724234,12
1248,1248,9090,0.8646323,34,0.81896293,11
1249,1249,9091,0.8545065999999999,45,0.72960585,10
1250,1250,9092,0.85533917,34,0.7705313,13
1251,1251,9093,0.86118424,33,0.764659,12
1252,1252,9094,0.8631542,35,0.7970226,10
1253,1253,9095,0.85790974,34,0.76533675,10
1254,1254,9096,0.86610496,34,0.8075534,14
1255,1255,9097,0.86184657,33,0.7785983,22
1256,1256,9098,0.8617995999999999,41,0.8168802,11
1257,1257,9100,0.86017346,32,0.7907404,10
1258,1258,9101,0.8560966999999998,33,0.773257,11
1259,1259,9102,0.8573540000000001,32,0.7681102,12
1260,1260,9103,0.8517995,33,0.7115194,10
1261,1261,9105,0.8599943000000001,36,0.7542257,9
1262,1262,9106,0.8620730999999999,34,0.7776988,16
1263,1263,9107,0.87312526,56,0.81873345,10
1264,1264,9108,0.8621334999999999,33,0.8146635,9
1265,1265,9109,0.85760283,32,0.76146233,11
1266,1266,9110,0.8586986999999999,32,0.7805568,13
1267,1267,9112,0.8609653,34,0.8004366,22
1268,1268,9113,0.84467804,40,0.6635666,10
1269,1269,9114,0.86382365,33,0.8179497,12
1270,1270,9115,0.85224247,36,0.7285042,13
1271,1271,9116,0.85844296,32,0.77408385,10
1272,1272,9117,0.85783994,33,0.76152545,11
1273,1273,9118,0.8566146000000001,33,0.7414673,10
1274,1274,9119,0.858392,33,0.77751386,12
1275,1275,9120,0.85650796,46,0.73972845,21
1276,1276,9121,0.86197114,34,0.81711626,13
1277,1277,9123,0.85715854,34,0.752773,12
1278,1278,9125,0.8538315999999999,33,0.7351021,15
1279,1279,9127,0.8557832000000001,33,0.7278422,17
1280,1280,9128,0.86239606,33,0.80324864,11
1281,1281,9130,0.8649966999999998,33,0.80196047,10
1282,1282,9131,0.8638140999999999,33,0.8130697,11
1283,1283,9132,0.8583770000000001,33,0.7831956,10
1284,1284,9133,0.8589195,34,0.78820336,10
1285,1285,9134,0.86442494,34,0.7918791,13
1286,1286,9135,0.8591030999999999,34,0.7698537,13
1287,1287,9137,0.8551709000000001,34,0.7543037,10
1288,1288,9138,0.86314666,33,0.7975434,10
1289,1289,9139,0.8662835999999999,33,0.8148705,11
1290,1290,9140,0.8580911,56,0.7771519,15
1291,1291,9141,0.864836,59,0.80887914,10
1292,1292,9142,0.8583299000000001,92,0.78608006,29
1293,1293,9143,0.85487854,33,0.76004374,10
1294,1294,9145,0.85925466,45,0.7881364,10
1295,1295,9147,0.86453843,32,0.77880645,13
1296,1296,9150,0.8441429,34,0.67650723,12
1297,1297,9151,0.85976803,31,0.7593777,14
1298,1298,9152,0.8648958000000001,33,0.82803404,10
1299,1299,9153,0.8587033000000002,34,0.7658117,17
1300,1300,9155,0.86009276,47,0.7865324,10
1301,1301,9157,0.86067486,34,0.7692574,12
1302,1302,9158,0.8579812,34,0.7628683,15
1303,1303,9159,0.856022,33,0.7610518,18
1304,1304,9160,0.8648238000000001,32,0.806667,9
1305,1305,9162,0.85649556,34,0.7535238,13
1306,1306,9163,0.8565062,38,0.7512311,12
1307,1307,9165,0.8552962,34,0.73702693,11
1308,1308,9166,0.8617084,37,0.7855532,12
1309,1309,9167,0.8527957,80,0.7292327,20
1310,1310,9168,0.8658581,34,0.78733975,10
1311,1311,9169,0.85656685,34,0.7618921,11
1312,1312,9170,0.8610966,33,0.77072316,12
1313,1313,9171,0.85749185,34,0.7760341,10
1314,1314,9172,0.8561572000000001,31,0.7617793,12
1315,1315,9174,0.8578949,34,0.7728214,10
1316,1316,9175,0.8605466999999999,33,0.8037989,10
1317,1317,9176,0.85921514,33,0.78273714,13
1318,1318,9177,0.84954333,33,0.70626557,10
1319,1319,9179,0.8563255,34,0.7571726,19
1320,1320,9180,0.85537136,34,0.7527597,18
1321,1321,9181,0.86534226,34,0.8042407,15
1322,1322,9183,0.865497,33,0.819041,13
1323,1323,9184,0.85978127,31,0.7983204,9
1324,1324,9185,0.85904133,34,0.78585345,11
1325,1325,9186,0.85891116,44,0.78992194,11
1326,1326,9187,0.8587589,37,0.7882085,26
1327,1327,9188,0.8581065999999999,34,0.7662397,10
1328,1328,9190,0.8588667999999999,33,0.7721691,10
1329,1329,9191,0.8593215,31,0.7973691,13
1330,1330,9192,0.85116076,34,0.69057685,11
1331,1331,9193,0.84954333,36,0.7062669,18
1332,1332,9194,0.8629589,41,0.82918227,11
1333,1333,9197,0.8691139000000001,33,0.81602454,12
1334,1334,9198,0.8603014000000001,34,0.7999333,13
1335,1335,9202,0.8597089,33,0.7851924,13
1336,1336,9203,0.8647235000000001,33,0.8016473,13
1337,1337,9204,0.8612871,34,0.8102712,15
1338,1338,9205,0.85530704,35,0.74559677,14
1339,1339,9206,0.85562205,33,0.7346989,13
1340,1340,9207,0.85932726,33,0.764024,12
1341,1341,9208,0.86801016,34,0.835679,12
1342,1342,9209,0.8583091,33,0.7866223,12
1343,1343,9210,0.8710733,37,0.8487035,10
1344,1344,9211,0.85689855,33,0.7919661,12
1345,1345,9212,0.8657668,44,0.8024554,13
1346,1346,9213,0.86075795,68,0.7977056,22
1347,1347,9214,0.86096543,33,0.7909247,10
1348,1348,9215,0.8482688,32,0.713122,13
1349,1349,9216,0.8658384,32,0.8090056,14
1350,1350,9217,0.8533006999999999,35,0.7398308,21
1351,1351,9218,0.8567222,33,0.7420552,13
1352,1352,9219,0.8551431999999999,33,0.7231877,21
1353,1353,9220,0.8558322,33,0.756119,11
1354,1354,9221,0.8602716,34,0.78078234,12
1355,1355,9222,0.85977125,43,0.7756914,16
1356,1356,9223,0.8667648000000001,33,0.79785746,12
1357,1357,9224,0.86236465,34,0.8092469,14
1358,1358,9225,0.85848415,34,0.7765255,13
1359,1359,9226,0.85888636,34,0.7623521,12
1360,1360,9227,0.85765153,37,0.76024914,9
1361,1361,9228,0.86447346,33,0.79145557,10
1362,1362,9229,0.85115397,33,0.71192074,15
1363,1363,9230,0.856699,33,0.74052656,10
1364,1364,9231,0.8570825000000001,47,0.75927496,10
1365,1365,9232,0.8636640999999999,33,0.7877059,12
1366,1366,9234,0.8630582,48,0.8007903,14
1367,1367,9235,0.86088383,32,0.78174806,14
1368,1368,9236,0.85658205,32,0.7526824,20
1369,1369,9239,0.85558045,50,0.7399729,15
1370,1370,9240,0.867102,53,0.7984104,16
1371,1371,9241,0.8584183000000001,34,0.7962452,10
1372,1372,9242,0.86135185,34,0.79649854,10
1373,1373,9243,0.86383915,34,0.8192989,14
1374,1374,9245,0.85567987,34,0.71414745,12
1375,1375,9246,0.85904616,34,0.7589748,9
1376,1376,9247,0.8576603,52,0.75572157,11
1377,1377,9248,0.8707106,34,0.8111012,13
1378,1378,9249,0.8619033000000001,32,0.800735,12
1379,1379,9250,0.84739774,31,0.6691411,9
1380,1380,9251,0.86059296,32,0.7820186,17
1381,1381,9252,0.8636101,34,0.80373013,10
1382,1382,9253,0.8646889999999999,32,0.7883809,13
1383,1383,9254,0.858984,34,0.7739935,12
1384,1384,9255,0.8601794,33,0.8023707,11
1385,1385,9256,0.85051394,33,0.6876039,10
1386,1386,9257,0.8581848,41,0.7787293,12
1387,1387,9258,0.8546953000000002,52,0.73194593,13
1388,1388,9259,0.8515029000000001,33,0.69436765,15
1389,1389,9260,0.85656685,33,0.7618865,10
1390,1390,9261,0.8635773000000001,33,0.8002818,15
1391,1391,9262,0.8695354,47,0.82886004,16
1392,1392,9263,0.8636212,33,0.80317783,13
1393,1393,9266,0.85485077,35,0.72082925,11
1394,1394,9268,0.86414194,32,0.79946214,17
1395,1395,9269,0.86563146,33,0.81940866,9
1396,1396,9270,0.8570620000000001,33,0.73924035,18
1397,1397,9271,0.86628735,34,0.82218385,14
1398,1398,9273,0.8626145000000001,47,0.7747693,13
1399,1399,9275,0.8508277,34,0.7213969,15
1400,1400,9276,0.85913956,33,0.78002983,10
1401,1401,9277,0.8587928,33,0.77460575,9
1402,1402,9278,0.8594303,34,0.7798898,11
1403,1403,9280,0.861866,34,0.7904856,12
1404,1404,9282,0.85680646,35,0.76024234,14
1405,1405,9283,0.8605688,37,0.79684633,13
1406,1406,9284,0.86075735,32,0.7949404,13
1407,1407,9288,0.8595940000000001,34,0.778324,16
1408,1408,9289,0.86506116,34,0.8122357,10
1409,1409,9290,0.85953856,32,0.7994354,12
1410,1410,9291,0.8547399,57,0.7401945,24
1411,1411,9292,0.85907865,34,0.7866067,9
1412,1412,9293,0.8575359,34,0.7801248,12
1413,1413,9294,0.86073565,34,0.788095,10
1414,1414,9295,0.8574782,34,0.77175665,10
1415,1415,9296,0.86323136,32,0.7954321,18
1416,1416,9297,0.858619,32,0.7673007,18
1417,1417,9298,0.8618329,48,0.8078014,11
1418,1418,9299,0.8539360999999999,35,0.76429266,13
1419,1419,9300,0.8577084999999999,33,0.77520216,12
1420,1420,9301,0.8585886999999999,34,0.7842804,14
1421,1421,9302,0.8598386999999998,34,0.7655816,17
1422,1422,9303,0.8598046,58,0.7792219,16
1423,1423,9304,0.85788524,32,0.78425324,16
1424,1424,9305,0.85043335,34,0.6946044,12
1425,1425,9307,0.86445254,34,0.78495425,14
1426,1426,9309,0.8620730999999999,33,0.7776997,11
1427,1427,9310,0.86343515,38,0.77643454,12
1428,1428,9311,0.85874724,33,0.7623234,12
1429,1429,9312,0.8666046999999999,34,0.80250406,12
1430,1430,9313,0.86409724,34,0.77146095,10
1431,1431,9315,0.859849,32,0.78839624,13
1432,1432,9316,0.85492504,32,0.734691,15
1433,1433,9317,0.8560538000000001,54,0.77423406,16
1434,1434,9318,0.8592078000000002,54,0.7951256,13
1435,1435,9319,0.86008036,34,0.77831876,10
1436,1436,9321,0.8646169,32,0.8064368,10
1437,1437,9322,0.8590007,33,0.78971833,10
1438,1438,9323,0.85497284,32,0.76195896,12
1439,1439,9324,0.8582441999999999,42,0.80453664,9
1440,1440,9327,0.8620144000000001,48,0.81565356,12
1441,1441,9328,0.8660996,33,0.81423175,11
1442,1442,9329,0.8581498,34,0.75922084,11
1443,1443,9330,0.8485444999999999,33,0.66391546,10
1444,1444,9331,0.85829717,34,0.77539134,11
1445,1445,9333,0.86452407,34,0.7934338,11
1446,1446,9334,0.85739625,82,0.76406336,15
1447,1447,9335,0.8601402,33,0.7619246,10
1448,1448,9337,0.8575191999999999,58,0.7643411,11
1449,1449,9339,0.8579616,33,0.78073156,12
1450,1450,9341,0.85629904,38,0.77448416,11
1451,1451,9342,0.8555038,34,0.7513343,21
1452,1452,9343,0.8585648000000001,34,0.7729449,13
1453,1453,9344,0.8555386999999999,34,0.7558897,10
1454,1454,9345,0.8627448,34,0.8024367,15
1455,1455,9347,0.8626128000000001,32,0.8061353,13
1456,1456,9348,0.86070347,34,0.7965487,10
1457,1457,9349,0.8566219,35,0.714912,11
1458,1458,9350,0.86799544,33,0.82309985,12
1459,1459,9353,0.8626870999999999,33,0.8060702,12
1460,1460,9354,0.86104566,33,0.77498925,13
1461,1461,9356,0.86648655,33,0.84524107,15
1462,1462,9357,0.8610380999999999,34,0.79523593,10
1463,1463,9358,0.86378396,32,0.7821463,10
1464,1464,9359,0.85870695,40,0.7720287,12
1465,1465,9360,0.85494924,33,0.748751,11
1466,1466,9361,0.8545017,55,0.72303593,20
1467,1467,9362,0.8503808,35,0.7294985,10
1468,1468,9365,0.8572569999999999,60,0.7551683,15
1469,1469,9366,0.85991263,33,0.7811814,10
1470,1470,9367,0.84954333,45,0.70626837,11
1471,1471,9368,0.847888,31,0.70761067,15
1472,1472,9369,0.86442775,45,0.7923753,16
1473,1473,9370,0.87071866,34,0.8248357,14
1474,1474,9371,0.86498994,44,0.813027,9
1475,1475,9372,0.8656870999999999,33,0.8211409,10
1476,1476,9373,0.8618889999999999,35,0.7871292,9
1477,1477,9374,0.8570501,32,0.7359334,14
1478,1478,9375,0.8639891,32,0.811857,9
1479,1479,9376,0.8600426999999999,34,0.78002477,14
1480,1480,9377,0.86389524,34,0.7828224,15
1481,1481,9379,0.860165,34,0.781297,11
1482,1482,9380,0.85606396,43,0.7535378,10
1483,1483,9381,0.86174816,33,0.80167586,11
1484,1484,9382,0.8588855,47,0.79351324,10
1485,1485,9385,0.8584202,33,0.7564738,13
1486,1486,9386,0.8564860999999999,33,0.7605508,11
1487,1487,9387,0.8622063,33,0.77446496,10
1488,1488,9388,0.86470604,33,0.8061235,14
1489,1489,9389,0.85920215,33,0.77182263,20
1490,1490,9390,0.85519266,34,0.76025504,11
1491,1491,9391,0.8746518,33,0.8462129,10
1492,1492,9392,0.8594451,33,0.7901412,10
1493,1493,9393,0.8566303,32,0.74335235,10
1494,1494,9394,0.8606603,32,0.80469626,12
1495,1495,9395,0.85940886,33,0.7846863,10
1496,1496,9396,0.858447,34,0.75270176,10
1497,1497,9397,0.8573098,32,0.7669488,19
1498,1498,9398,0.861741,55,0.80902016,11
1499,1499,9399,0.86674726,41,0.80933803,15
1500,1500,9400,0.85951024,47,0.77992,10
1501,1501,9402,0.8599751,33,0.7630815,15
1502,1502,9403,0.85485774,33,0.7411127,12
1503,1503,9404,0.858984,33,0.77399254,10
1504,1504,9405,0.8584117,32,0.761508,12
1505,1505,9406,0.84603983,32,0.69379294,10
1506,1506,9407,0.86144423,46,0.81156147,13
1507,1507,9408,0.856274,33,0.7509377,10
1508,1508,9409,0.85638344,32,0.7534144,14
1509,1509,9412,0.8683108,74,0.8225805,20
1510,1510,9414,0.8616389999999999,33,0.78343606,9
1511,1511,9415,0.8616703000000001,58,0.7780274,24
1512,1512,9416,0.8591627000000001,33,0.7795994,11
1513,1513,9417,0.8559971,33,0.74510837,12
1514,1514,9419,0.86020684,33,0.784601,18
1515,1515,9420,0.85794294,33,0.78042626,17
1516,1516,9421,0.86219746,33,0.81423247,11
1517,1517,9422,0.8572117,33,0.7698736,10
1518,1518,9423,0.8592378,41,0.7819868,15
1519,1519,9424,0.8592620999999999,41,0.78034264,10
1520,1520,9425,0.8584305,42,0.77139217,14
1521,1521,9426,0.86213624,60,0.8109763,19
1522,1522,9427,0.8567388000000001,32,0.76875645,11
1523,1523,9428,0.85458463,35,0.7571681,14
1524,1524,9430,0.8629263,34,0.8033622,12
1525,1525,9431,0.8610589,34,0.7829695,10
1526,1526,9432,0.8538498999999999,34,0.73522085,15
1527,1527,9433,0.85958636,33,0.7938062,15
1528,1528,9434,0.85932255,33,0.7732471,15
1529,1529,9435,0.8579593000000001,32,0.7679529,12
1530,1530,9437,0.85922945,34,0.7875204,10
1531,1531,9438,0.8682078000000001,32,0.8334783,9
1532,1532,9439,0.86499166,33,0.80876786,11
1533,1533,9440,0.8616463,64,0.75536543,17
1534,1534,9441,0.85391396,34,0.76075965,9
1535,1535,9443,0.86016953,32,0.78090215,12
1536,1536,9445,0.86425215,33,0.80197,15
1537,1537,9446,0.8593833000000001,54,0.7771845,13
1538,1538,9448,0.86072654,43,0.7924267,16
1539,1539,9449,0.8600730999999999,38,0.7889523,11
1540,1540,9450,0.8601905000000001,33,0.77973175,13
1541,1541,9451,0.85882187,30,0.7822509,10
1542,1542,9452,0.85796297,33,0.7864837,11
1543,1543,9453,0.8636689000000001,34,0.7936994,18
1544,1544,9454,0.85267687,31,0.7595177,12
1545,1545,9455,0.85936356,39,0.7987865,13
1546,1546,9456,0.85895133,37,0.7816868,11
1547,1547,9457,0.8599455,37,0.7895884,11
1548,1548,9460,0.8577870000000001,33,0.768705,9
1549,1549,9461,0.8646004,33,0.8156177,10
1550,1550,9462,0.86009276,44,0.7865379,15
1551,1551,9463,0.86515784,34,0.811117,13
1552,1552,9464,0.8584814000000001,33,0.774696,16
1553,1553,9465,0.85958636,36,0.79380643,15
1554,1554,9466,0.85816634,33,0.79275894,13
1555,1555,9468,0.8621645,33,0.80715406,10
1556,1556,9469,0.8640021999999999,34,0.8188974,10
1557,1557,9470,0.8590642,32,0.802432,13
1558,1558,9472,0.85863894,34,0.8049271,10
1559,1559,9473,0.85634434,33,0.74507433,11
1560,1560,9474,0.86275566,36,0.770918,15
1561,1561,9475,0.85911834,33,0.7665657,11
1562,1562,9476,0.86071837,34,0.8166274,13
1563,1563,9477,0.8566402,33,0.7547089,12
1564,1564,9478,0.8669441999999999,33,0.83746064,11
1565,1565,9479,0.85225546,33,0.7151433,29
1566,1566,9480,0.85655904,34,0.74487025,18
1567,1567,9481,0.8576345999999999,34,0.7665572,9
1568,1568,9483,0.85758746,32,0.7628108,11
1569,1569,9484,0.8671243000000001,33,0.7968756,10
1570,1570,9485,0.8507975,34,0.7112127,10
1571,1571,9486,0.8577899,36,0.76618147,16
1572,1572,9487,0.8580230999999999,33,0.75691986,12
1573,1573,9488,0.8578129000000001,34,0.7657423,11
1574,1574,9490,0.8586277,32,0.7721852,10
1575,1575,9492,0.85574913,55,0.7542522,20
1576,1576,9493,0.8597423000000001,34,0.7834362,24
1577,1577,9495,0.8526509,33,0.70929545,14
1578,1578,9496,0.85821295,34,0.77188027,11
1579,1579,9497,0.86090326,67,0.791417,14
1580,1580,9499,0.8522415000000001,40,0.72938406,10
1581,1581,9500,0.8549664,33,0.7366607,15
1582,1582,9501,0.851582,33,0.7040263,12
1583,1583,9502,0.8573983000000001,32,0.769964,10
1584,1584,9503,0.86159474,32,0.78433806,12
1585,1585,9504,0.8643857,34,0.80659926,12
1586,1586,9505,0.8578018,32,0.76368165,11
1587,1587,9506,0.8566562,41,0.7733021,10
1588,1588,9507,0.8619466,34,0.7465545,10
1589,1589,9508,0.859233,34,0.7831493,9
1590,1590,9509,0.85670954,33,0.73595756,16
1591,1591,9510,0.8492350000000001,54,0.6993152,15
1592,1592,9511,0.8605279,33,0.7888932,15
1593,1593,9512,0.8548043,33,0.74491227,11
1594,1594,9513,0.8602154000000001,33,0.7701868,37
1595,1595,9515,0.8618423000000001,32,0.7851814,10
1596,1596,9516,0.8579868,33,0.77041435,23
1597,1597,9517,0.8592059999999999,35,0.7825625,12
1598,1598,9518,0.86659026,41,0.8178182,9
1599,1599,9519,0.86361265,33,0.82594395,10
1600,1600,9521,0.8603343000000001,34,0.774447,10
1601,1601,9522,0.8572232,34,0.76154053,11
1602,1602,9523,0.8542789000000001,33,0.7496062,15
1603,1603,9524,0.8621974,33,0.8045082,17
1604,1604,9525,0.8482069,33,0.7081125,10
1605,1605,9526,0.8656434999999999,45,0.7928568,13
1606,1606,9527,0.8697302,34,0.83451676,16
1607,1607,9528,0.86112285,34,0.77296174,10
1608,1608,9529,0.8602582000000001,39,0.7935334,10
1609,1609,9530,0.8546497999999999,34,0.7527292,10
1610,1610,9531,0.8554119000000001,32,0.75295806,11
1611,1611,9532,0.85726625,34,0.7663622,10
1612,1612,9533,0.8603787,33,0.7884228,13
1613,1613,9534,0.86548436,40,0.825328,12
1614,1614,9535,0.8581899,33,0.77964973,17
1615,1615,9536,0.86013675,33,0.81328964,10
1616,1616,9537,0.86144614,33,0.80251,15
1617,1617,9538,0.86091334,33,0.7882222,13
1618,1618,9541,0.8584393,33,0.77336967,11
1619,1619,9542,0.8574231,44,0.74884224,12
1620,1620,9543,0.85129285,34,0.7522794,11
1621,1621,9544,0.8575940000000001,33,0.77628076,16
1622,1622,9545,0.86376345,75,0.79768175,16
1623,1623,9546,0.8564745999999999,33,0.7567508,14
1624,1624,9547,0.85180765,34,0.7134676,10
1625,1625,9548,0.85733974,34,0.76211727,20
1626,1626,9549,0.85803115,45,0.76714575,20
1627,1627,9550,0.85656685,41,0.76188684,9
1628,1628,9551,0.86251944,33,0.8075366,15
1629,1629,9552,0.8581563,42,0.7659969,11
1630,1630,9553,0.85871935,34,0.77596515,11
1631,1631,9554,0.8576664,65,0.7696047,22
1632,1632,9555,0.8642880999999999,34,0.81272864,10
1633,1633,9556,0.84909093,49,0.698434,12
1634,1634,9557,0.86354756,34,0.81141466,9
1635,1635,9558,0.8569912000000001,33,0.76391387,11
1636,1636,9559,0.86629546,33,0.821734,13
1637,1637,9560,0.8540266,32,0.7247746,12
1638,1638,9561,0.86176705,33,0.7885245,12
1639,1639,9562,0.86190975,32,0.7764821,10
1640,1640,9564,0.8577633,33,0.7471826,15
1641,1641,9565,0.86635906,39,0.8086889,10
1642,1642,9566,0.86375654,33,0.8237939,16
1643,1643,9567,0.86071134,32,0.81621456,10
1644,1644,9568,0.85538805,37,0.7431414,10
1645,1645,9571,0.8594011,49,0.7786037,10
1646,1646,9572,0.8580488000000002,36,0.7528791,20
1647,1647,9573,0.86518073,32,0.80124545,15
1648,1648,9574,0.8639277,34,0.795624,10
1649,1649,9575,0.8665678,33,0.814013,12
1650,1650,9576,0.85752344,32,0.7613802,15
1651,1651,9577,0.8595588,33,0.7754029,9
1652,1652,9582,0.8583249,33,0.7673458,10
1653,1653,9583,0.8583430000000001,77,0.7770773,32
1654,1654,9584,0.85561895,32,0.7603826,10
1655,1655,9585,0.8621966,34,0.832754,12
1656,1656,9586,0.8579719000000001,33,0.77011377,18
1657,1657,9587,0.85579985,33,0.7512691,10
1658,1658,9588,0.8603690999999999,30,0.80402434,10
1659,1659,9589,0.8774103999999999,36,0.8402401,15
1660,1660,9590,0.85491633,33,0.7608288,14
1661,1661,9591,0.86238337,33,0.787304,14
1662,1662,9592,0.86123455,34,0.79033375,32
1663,1663,9593,0.8519133,34,0.71863,12
1664,1664,9595,0.87187886,34,0.82751954,11
1665,1665,9596,0.8657524,34,0.7883715,12
1666,1666,9598,0.85883886,34,0.7539605,11
1667,1667,9599,0.8578966999999998,34,0.7746299,10
1668,1668,9600,0.8570627000000001,33,0.76575243,10
1669,1669,9601,0.86238456,34,0.78136575,10
1670,1670,9602,0.8567516,32,0.7685944,13
1671,1671,9604,0.85872996,34,0.7703424,10
1672,1672,9605,0.8537849000000001,84,0.74274313,32
1673,1673,9606,0.8550718,33,0.72097903,15
1674,1674,9607,0.86001325,32,0.7696015,16
1675,1675,9608,0.8578123,34,0.7590407,11
1676,1676,9609,0.85851717,33,0.7691326,16
1677,1677,9610,0.8545208000000001,33,0.7346289,10
1678,1678,9611,0.86122066,49,0.79672027,15
1679,1679,9612,0.8525133,32,0.75071585,16
1680,1680,9613,0.8588100000000001,33,0.78780514,12
1681,1681,9614,0.8572519000000001,34,0.76988924,9
1682,1682,9615,0.85870934,33,0.7885119,12
1683,1683,9618,0.86531556,33,0.7982727,12
1684,1684,9619,0.8582515,34,0.789179,12
1685,1685,9620,0.8556476999999999,35,0.7332263,15
1686,1686,9621,0.85781986,40,0.75526327,10
1687,1687,9623,0.8584027,52,0.7570823,16
1688,1688,9624,0.8529648000000001,32,0.7211919,11
1689,1689,9625,0.87016445,32,0.84271437,12
1690,1690,9627,0.86511135,52,0.84786046,25
1691,1691,9628,0.86157906,33,0.79271615,12
1692,1692,9630,0.8584860000000001,33,0.75330853,12
1693,1693,9631,0.8635502,32,0.77510375,11
1694,1694,9632,0.86272955,34,0.7891717,11
1695,1695,9633,0.86522174,32,0.80641526,12
1696,1696,9634,0.8563497,33,0.74923617,13
1697,1697,9635,0.8570023999999999,36,0.7411834,15
1698,1698,9636,0.8567599,32,0.7559043,13
1699,1699,9637,0.8645732,34,0.83005077,15
1700,1700,9638,0.86335135,32,0.8083562,12
1701,1701,9639,0.8566848,51,0.7466744,12
1702,1702,9640,0.8578281999999999,32,0.7759093,15
1703,1703,9641,0.8623903,34,0.7861981,10
1704,1704,9642,0.861675,33,0.7858997,16
1705,1705,9643,0.8622192,35,0.81337595,10
1706,1706,9645,0.8588691999999999,34,0.77866936,12
1707,1707,9646,0.8565816999999999,33,0.7747781,19
1708,1708,9647,0.86009276,99,0.78653836,20
1709,1709,9648,0.8579209000000001,34,0.77317595,14
1710,1710,9649,0.85715413,55,0.76504374,13
1711,1711,9650,0.8574437,34,0.7732919,12
1712,1712,9651,0.8585453000000002,33,0.74849117,14
1713,1713,9652,0.85463107,33,0.7409456,15
1714,1714,9653,0.8589258,33,0.7772052,11
1715,1715,9654,0.8653069,33,0.8052651,12
1716,1716,9655,0.8662474,34,0.8063406,16
1717,1717,9656,0.85754174,46,0.7599119,10
1718,1718,9657,0.8554809000000001,33,0.7555144,10
1719,1719,9658,0.8595872999999999,38,0.7733545,10
1720,1720,9659,0.8588579,41,0.7853731,14
1721,1721,9660,0.8583249,69,0.76733595,28
1722,1722,9661,0.8597828000000002,33,0.77676356,16
1723,1723,9662,0.86142015,33,0.7992619,10
1724,1724,9663,0.8554884,34,0.75860286,16
1725,1725,9665,0.8547305000000001,33,0.7439364,11
1726,1726,9667,0.86073184,33,0.793148,12
1727,1727,9668,0.85885245,34,0.7765908,9
1728,1728,9670,0.8628638000000001,33,0.82602346,10
1729,1729,9671,0.8645811999999999,41,0.78967357,9
1730,1730,9672,0.85681343,62,0.74587554,16
1731,1731,9673,0.85017574,33,0.7003523,10
1732,1732,9674,0.8493453000000001,33,0.6680393,17
1733,1733,9675,0.86835843,33,0.826061,10
1734,1734,9676,0.85820603,34,0.7545819,10
1735,1735,9677,0.8594527,33,0.77101016,14
1736,1736,9679,0.859308,33,0.7921833,12
1737,1737,9680,0.8576697,59,0.7698711,19
1738,1738,9681,0.8608201999999999,37,0.7993471,13
1739,1739,9683,0.8598530000000001,33,0.7882656,13
1740,1740,9684,0.8588190999999998,50,0.77595377,10
1741,1741,9685,0.8593905999999999,33,0.7731581,13
1742,1742,9686,0.85632026,33,0.7154459,27
1743,1743,9687,0.8556341999999999,31,0.737454,11
1744,1744,9688,0.8610219000000001,90,0.79290116,10
1745,1745,9689,0.8549224,45,0.7517795,11
1746,1746,9690,0.8626939,34,0.8016074,13
1747,1747,9691,0.86033744,32,0.8005226,15
1748,1748,9692,0.8581542,33,0.7705907,11
1749,1749,9693,0.85795844,33,0.7889483,14
1750,1750,9694,0.86725307,40,0.82165074,9
1751,1751,9695,0.8630431999999999,34,0.8074676,10
1752,1752,9698,0.8598789000000001,32,0.78448135,14
1753,1753,9699,0.8708819,39,0.7890694,12
1754,1754,9701,0.8581685,34,0.7614451,18
1755,1755,9702,0.85916173,33,0.7537616,11
1756,1756,9703,0.8581743000000001,33,0.7642803,14
1757,1757,9704,0.8643801,32,0.8114314,11
1758,1758,9705,0.86382645,33,0.8292092,10
1759,1759,9706,0.85889053,34,0.77928126,14
1760,1760,9707,0.86765724,31,0.8232341,10
1761,1761,9708,0.85636866,34,0.7553469,11
1762,1762,9709,0.8569853000000001,33,0.7623396,11
1763,1763,9710,0.8633133,60,0.83395445,13
1764,1764,9711,0.8486121999999999,32,0.69411767,12
1765,1765,9712,0.8576348,34,0.788222,13
1766,1766,9714,0.85354555,38,0.7305021,11
1767,1767,9715,0.85816383,33,0.7813492,10
1768,1768,9716,0.86586785,32,0.823328,13
1769,1769,9717,0.85941553,34,0.77618754,16
1770,1770,9718,0.8579414000000001,34,0.7577244,12
1771,1771,9719,0.85998785,33,0.77185655,10
1772,1772,9720,0.84392715,50,0.65854913,14
1773,1773,9723,0.8585756,46,0.774709,10
1774,1774,9725,0.8560144000000001,34,0.7618524,18
1775,1775,9729,0.86117375,33,0.74450505,11
1776,1776,9730,0.8589372,34,0.7695722,11
1777,1777,9731,0.8549583000000001,33,0.7615521,11
1778,1778,9732,0.85925794,33,0.75933087,12
1779,1779,9733,0.86123025,34,0.80309874,11
1780,1780,9736,0.8720943000000001,38,0.82260686,10
1781,1781,9737,0.85855,32,0.79632425,13
1782,1782,9738,0.85811114,31,0.7651708,16
1783,1783,9739,0.8587667,34,0.7303087,10
1784,1784,9740,0.8593883,34,0.78971815,10
1785,1785,9741,0.8550616,34,0.7437526,14
1786,1786,9742,0.8594527,35,0.7710108,9
1787,1787,9743,0.86824584,33,0.82961273,16
1788,1788,9744,0.8555556999999999,36,0.7496626,9
1789,1789,9745,0.85663235,33,0.753727,11
1790,1790,9746,0.85683244,34,0.75028944,10
1791,1791,9747,0.86119634,48,0.791589,14
1792,1792,9748,0.8502103999999999,34,0.7045557,10
1793,1793,9749,0.8639671999999998,34,0.79492235,25
1794,1794,9751,0.859049,33,0.80628693,15
1795,1795,9752,0.8639469000000001,33,0.81368375,20
1796,1796,9753,0.85827625,33,0.74964756,12
1797,1797,9754,0.85392964,42,0.743043,10
1798,1798,9755,0.8552818000000001,32,0.76442415,13
1799,1799,9756,0.85487854,46,0.7600373,14
1800,1800,9757,0.8577188,33,0.7609999,14
1801,1801,9758,0.85695076,33,0.7498198,15
1802,1802,9760,0.86479706,34,0.80884683,10
1803,1803,9762,0.86486876,34,0.79399455,12
1804,1804,9764,0.86144614,38,0.8025187,10
1805,1805,9765,0.8594011,33,0.7786148,12
1806,1806,9766,0.8619356,33,0.8215699,11
1807,1807,9767,0.8582976000000001,35,0.77895474,10
1808,1808,9768,0.8613136999999998,33,0.7906252,10
1809,1809,9769,0.86051726,34,0.80129087,13
1810,1810,9771,0.8569472,34,0.7513654,12
1811,1811,9772,0.85881174,33,0.8136122,15
1812,1812,9773,0.85929495,33,0.78799444,14
1813,1813,9776,0.8585021999999999,51,0.7683015,9
1814,1814,9778,0.8606265999999999,33,0.8003632,10
1815,1815,9779,0.8568391,32,0.77772284,11
1816,1816,9780,0.85585445,55,0.7528795,15
1817,1817,9781,0.8683046999999998,34,0.83868027,11
1818,1818,9782,0.85987556,33,0.78214014,27
1819,1819,9783,0.8588587999999999,33,0.7800239,12
1820,1820,9785,0.8449681,33,0.6488341,13
1821,1821,9786,0.8598499,34,0.7858337,11
1822,1822,9787,0.86594784,33,0.82001734,13
1823,1823,9788,0.8588034999999999,32,0.7686791,16
1824,1824,9789,0.86422193,33,0.7747569,14
1825,1825,9790,0.8539827,33,0.7408994,10
1826,1826,9792,0.85994995,34,0.774639,13
1827,1827,9793,0.8641988000000002,33,0.7899342,25
1828,1828,9795,0.85090387,34,0.67791486,12
1829,1829,9796,0.85568607,32,0.7579099,12
1830,1830,9797,0.86581135,35,0.8092044,16
1831,1831,9799,0.86354613,35,0.7883029,15
1832,1832,9801,0.85704803,34,0.77326536,12
1833,1833,9802,0.8608389000000001,38,0.7987176,9
1834,1834,9803,0.85634387,58,0.75227076,10
1835,1835,9805,0.85559475,33,0.7416948,11
1836,1836,9806,0.86225283,37,0.8069949,13
1837,1837,9807,0.8512458,32,0.75402087,10
1838,1838,9808,0.85503155,33,0.72315913,16
1839,1839,9809,0.8588855,32,0.79351616,10
1840,1840,9810,0.86219704,33,0.8058555,15
1841,1841,9812,0.8616463,35,0.7553654,10
1842,1842,9813,0.8569396,35,0.7703389,19
1843,1843,9815,0.85897255,34,0.7920327,11
1844,1844,9816,0.86144066,33,0.8003652,10
1845,1845,9819,0.8592857,35,0.80810857,13
1846,1846,9820,0.8564048000000001,33,0.7566004,13
1847,1847,9821,0.86135185,34,0.79649305,19
1848,1848,9822,0.87146544,33,0.8255735,10
1849,1849,9823,0.855826,33,0.74539626,13
1850,1850,9824,0.8588308000000001,34,0.77784646,10
1851,1851,9825,0.86038697,33,0.78690517,10
1852,1852,9826,0.86535776,34,0.8143878,16
1853,1853,9827,0.8659462,32,0.8136896,11
1854,1854,9828,0.863734,33,0.8023095,19
1855,1855,9829,0.85747373,34,0.75380003,9
1856,1856,9831,0.8605316999999999,46,0.8005637,14
1857,1857,9832,0.86036366,34,0.77150655,13
1858,1858,9833,0.85576594,33,0.76467294,9
1859,1859,9834,0.86442775,35,0.7923755,13
1860,1860,9835,0.85877514,33,0.78100693,11
1861,1861,9838,0.86319196,34,0.81161463,11
1862,1862,9839,0.8528452,31,0.740687,14
1863,1863,9840,0.84479725,32,0.66759646,12
1864,1864,9842,0.85502124,33,0.736626,20
1865,1865,9843,0.8502009,32,0.7328447,11
1866,1866,9844,0.86077696,33,0.78197825,18
1867,1867,9845,0.86403525,59,0.7891967,14
1868,1868,9846,0.85780144,33,0.75020206,13
1869,1869,9847,0.85087705,32,0.7138694,13
1870,1870,9848,0.85579985,34,0.7512683,13
1871,1871,9849,0.8589214,33,0.77635515,10
1872,1872,9850,0.8577423000000001,33,0.77317005,15
1873,1873,9851,0.8664589,34,0.8331903,10
1874,1874,9852,0.8610267,55,0.7925203,13
1875,1875,9853,0.8575236999999999,34,0.75570726,10
1876,1876,9854,0.8580527,33,0.7612575,13
1877,1877,9855,0.85812354,32,0.75649714,20
1878,1878,9856,0.86293674,32,0.80637217,11
1879,1879,9857,0.85954297,33,0.77140725,12
1880,1880,9858,0.85613346,33,0.73991376,11
1881,1881,9859,0.8550985999999999,33,0.723102,13
1882,1882,9860,0.864539,32,0.81381017,25
1883,1883,9861,0.85873294,39,0.7754435,9
1884,1884,9862,0.85843104,34,0.7745751,10
1885,1885,9864,0.8566664,33,0.74136233,15
1886,1886,9870,0.85730386,31,0.757831,10
1887,1887,9871,0.8561486999999999,33,0.7449045,17
1888,1888,9872,0.8529898000000001,32,0.74989736,10
1889,1889,9873,0.86347115,33,0.7907659,18
1890,1890,9874,0.86048377,33,0.792549,10
1891,1891,9875,0.8537779000000001,36,0.72185516,12
1892,1892,9876,0.85749406,34,0.7577927,15
1893,1893,9877,0.8659538,32,0.81742907,13
1894,1894,9878,0.85733545,36,0.7856711,9
1895,1895,9879,0.86230296,37,0.77981925,12
1896,1896,9881,0.85756755,37,0.76539415,13
1897,1897,9883,0.8580838,33,0.7670064,11
1898,1898,9884,0.8592609,33,0.7692788,12
1899,1899,9885,0.8613632,34,0.7790266,13
1900,1900,9888,0.86028016,33,0.78770834,15
1901,1901,9889,0.8613957,35,0.7999841,11
1902,1902,9890,0.85780764,33,0.78747845,10
1903,1903,9891,0.8567915999999999,33,0.740486,10
1904,1904,9892,0.8626128000000001,33,0.8061365,10
1905,1905,9893,0.86291957,44,0.8123498,12
1906,1906,9894,0.8514101999999999,33,0.7203095,15
1907,1907,9895,0.8607899999999999,34,0.76891875,14
1908,1908,9896,0.86275774,34,0.78946424,10
1909,1909,9897,0.8672373,37,0.8420472,13
1910,1910,9898,0.8678205,34,0.83214235,26
1911,1911,9900,0.8573741,71,0.7563381,15
1912,1912,9901,0.85928303,33,0.7684052,10
1913,1913,9903,0.86021566,34,0.7871634,12
1914,1914,9904,0.86197114,52,0.8171176,10
1915,1915,9905,0.86216414,33,0.78240514,13
1916,1916,9906,0.85695463,34,0.7458108,10
1917,1917,9907,0.85504234,34,0.7311219,14
1918,1918,9908,0.8604129,34,0.787138,17
1919,1919,9909,0.86514485,33,0.8245933,10
1920,1920,9913,0.85489166,34,0.73116076,13
1921,1921,9914,0.85547006,33,0.6964716,11
1922,1922,9915,0.85456026,38,0.71942997,10
1923,1923,9917,0.8572311,33,0.7461673,14
1924,1924,9918,0.8544765999999999,32,0.744444,13
1925,1925,9920,0.8585531999999999,43,0.78733325,14
1926,1926,9923,0.8575872,34,0.7445025,12
1927,1927,9925,0.8673856,32,0.80182457,11
1928,1928,9926,0.86451685,62,0.79677725,15
1929,1929,9927,0.8602264999999999,31,0.8059128,13
1930,1930,9928,0.85748875,32,0.7701224,16
1931,1931,9929,0.8399527,34,0.64393175,18
1932,1932,9930,0.85961354,60,0.78507245,15
1933,1933,9931,0.8641075,42,0.7914921,12
1934,1934,9932,0.86030304,33,0.79063034,17
1935,1935,9935,0.86474013,34,0.78220844,11
1936,1936,9936,0.85870516,31,0.7718236,11
1937,1937,9938,0.8597222,33,0.7906179,10
1938,1938,9939,0.86853033,32,0.8158053,11
1939,1939,9940,0.85315335,57,0.75436884,15
1940,1940,9942,0.86201197,30,0.82030785,10
1941,1941,9943,0.8517368000000001,32,0.75701344,14
1942,1942,9944,0.85487854,33,0.7600418,11
1943,1943,9945,0.8621566999999999,34,0.78920156,13
1944,1944,9946,0.8557749,33,0.73953813,16
1945,1945,9948,0.85806227,32,0.75325906,11
1946,1946,9949,0.8581046999999998,32,0.78361833,10
1947,1947,9950,0.8633641,33,0.80636,9
1948,1948,9951,0.8599359000000001,32,0.7813622,12
1949,1949,9952,0.8573314000000001,33,0.7483745,9
1950,1950,9954,0.8641377,34,0.8184177,11
1951,1951,9956,0.85020834,32,0.7147894,9
1952,1952,9957,0.8589648000000001,30,0.790414,15
1953,1953,9958,0.8594835,33,0.7640991,10
1954,1954,9959,0.85572815,34,0.75012624,9
1955,1955,9960,0.86190975,31,0.7764815,10
1956,1956,9961,0.85788953,33,0.7529224,12
1957,1957,9963,0.8535478999999999,31,0.7174547,10
1958,1958,9964,0.8627813,34,0.8217753,17
1959,1959,9965,0.8634183000000001,32,0.81348884,10
1960,1960,9966,0.85842556,32,0.777841,13
1961,1961,9967,0.8553494,33,0.7579491,12
1962,1962,9968,0.86144614,34,0.80250525,22
1963,1963,9969,0.8562641,32,0.7304575,11
1964,1964,9970,0.85703856,34,0.7819519,9
1965,1965,9971,0.86078453,33,0.8076918,12
1966,1966,9972,0.8635315999999998,33,0.8057654,10
1967,1967,9974,0.8479612,33,0.66700304,11
1968,1968,9975,0.85798955,34,0.7720418,22
1969,1969,9976,0.8562912,33,0.7517053,16
1970,1970,9977,0.85705346,36,0.7454034,15
1971,1971,9980,0.8575002,33,0.7661401,15
1972,1972,9981,0.8541219000000001,32,0.74637425,14
1973,1973,9982,0.8532470999999999,32,0.7103145,10
1974,1974,9983,0.8690851999999999,34,0.8079026,11
1975,1975,9984,0.85632277,34,0.79722714,11
1976,1976,9985,0.85206467,34,0.71869636,28
1977,1977,9986,0.8555975,33,0.74722505,17
1978,1978,9987,0.8492350000000001,34,0.69931483,12
1979,1979,9988,0.8598361999999999,32,0.79560673,11
1980,1980,9989,0.8534795000000001,34,0.721108,14
1981,1981,9990,0.8630452,34,0.8255299,24
1982,1982,9991,0.8570576999999999,33,0.764009,10
1983,1983,9992,0.8595618,33,0.7936591,11
1984,1984,9993,0.8620771,33,0.7691666,10
1985,1985,9994,0.85829633,50,0.75771666,10
1986,1986,9995,0.85544264,47,0.72527343,9
1987,1987,9996,0.86118287,39,0.78183174,12
1988,1988,9997,0.8585642,35,0.7720903,9
1989,1989,9998,0.8535658000000002,33,0.7205041,10
1990,1990,9999,0.85715866,32,0.7296536,12
1991,1991,10000,0.85794175,33,0.7646772,13
1992,1992,10001,0.85873294,33,0.7910541,11
1993,1993,10002,0.8659928,59,0.8190079,24
1994,1994,10003,0.8527913,34,0.73453116,11
1995,1995,10004,0.8589195,34,0.7882042,17
1996,1996,10005,0.86163485,34,0.8152174,9
1997,1997,10006,0.86289006,34,0.78432775,12
1998,1998,10007,0.86398935,34,0.79127353,12
1999,1999,10008,0.8671348,33,0.8091786,10
